acct_id,subscription_expected_events,subscription_actual_events,subscription_event_gap,subscription_utilization_pct,subscription_packages
100103,12.0,12,0.0,1.0,1
100521,8.0,8,0.0,1.0,1
100532,6.0,6,0.0,1.0,1
101016,6.0,4,2.0,0.6666666666666666,1
101126,52.0,36,16.0,0.5555555555555556,3
101742,12.0,11,1.0,0.9166666666666667,2
102050,12.0,12,0.0,1.0,1
102644,6.0,6,0.0,1.0,1
102831,10.0,10,0.0,1.0,2
102941,24.0,19,5.0,0.7916666666666667,1
103194,12.0,4,8.0,0.3333333333333333,1
103601,4.0,4,0.0,1.0,1
104129,4.0,4,0.0,1.0,1
104228,6.0,6,0.0,1.0,1
105097,12.0,12,0.0,1.0,1
106087,24.0,1,23.0,0.041666666666666664,1
107132,12.0,1,11.0,0.08333333333333333,1
108562,12.0,12,0.0,1.0,1
109112,12.0,12,0.0,1.0,1
109211,12.0,12,0.0,1.0,1
109453,12.0,11,1.0,0.9166666666666667,1
109948,12.0,12,0.0,1.0,1
110234,12.0,12,0.0,1.0,1
110256,30.0,24,6.0,0.8333333333333334,2
110751,4.0,4,0.0,1.0,1
112247,12.0,12,0.0,1.0,1
112313,76.0,52,24.0,0.75,3
112951,24.0,36,-12.0,2.0,2
113468,12.0,13,-1.0,1.0833333333333335,1
113853,36.0,6,30.0,0.29166666666666663,3
114260,4.0,4,0.0,1.0,1
114425,6.0,6,0.0,1.0,1
114557,12.0,15,-3.0,1.25,1
115987,30.0,12,18.0,0.6296296296296297,2
116119,12.0,12,0.0,1.0,1
116526,12.0,12,0.0,1.0,1
116735,48.0,44,4.0,0.9166666666666667,1
116856,6.0,6,0.0,1.0,1
117131,12.0,12,0.0,1.0,1
117164,24.0,23,1.0,0.9583333333333333,1
117263,6.0,6,0.0,1.0,1
117296,12.0,12,0.0,1.0,1
117417,12.0,12,0.0,1.0,1
118330,14.0,8,6.0,0.6388888888888888,3
119111,12.0,12,0.0,1.0,1
119166,6.0,6,0.0,1.0,1
119221,4.0,4,0.0,1.0,1
119826,12.0,12,0.0,1.0,1
120156,18.0,12,6.0,0.6666666666666666,2
120519,8.0,4,4.0,0.5,2
120541,36.0,36,0.0,1.0,1
120629,48.0,48,0.0,1.0,1
121355,12.0,12,0.0,1.0,2
121432,6.0,6,0.0,1.0,1
121476,6.0,6,0.0,1.0,1
122125,6.0,6,0.0,1.0,1
123126,10.0,10,0.0,1.0,2
123423,12.0,12,0.0,1.0,1
123819,24.0,24,0.0,1.0,1
124996,12.0,7,5.0,0.5833333333333334,1
125062,12.0,12,0.0,1.0,1
125073,12.0,12,0.0,1.0,1
125909,6.0,6,0.0,1.0,1
126041,12.0,12,0.0,1.0,1
127944,24.0,23,1.0,0.9583333333333333,2
128769,6.0,6,0.0,1.0,1
128978,12.0,12,0.0,1.0,1
129363,12.0,12,0.0,1.0,2
130067,12.0,11,1.0,0.9166666666666666,1
130133,6.0,6,0.0,1.0,1
130243,4.0,4,0.0,1.0,1
130738,8.0,7,1.0,0.875,1
130881,8.0,8,0.0,1.0,1
132454,24.0,24,0.0,1.0,1
133378,12.0,12,0.0,1.0,1
133653,8.0,8,0.0,1.0,1
134159,12.0,12,0.0,1.0,1
135270,12.0,13,-1.0,1.0833333333333335,1
135336,12.0,12,0.0,1.0,1
135402,12.0,12,0.0,1.0,2
136777,22.0,4,18.0,0.4027777777777778,2
136898,12.0,12,0.0,1.0,1
137811,6.0,1,5.0,0.16666666666666666,1
138218,12.0,12,0.0,1.0,1
139175,8.0,8,0.0,1.0,1
139824,24.0,14,10.0,0.75,2
139923,16.0,21,-5.0,1.25,2
140341,6.0,6,0.0,1.0,1
141210,6.0,6,0.0,1.0,1
141815,8.0,8,0.0,1.0,1
141881,12.0,12,0.0,1.0,1
142365,12.0,10,2.0,0.8333333333333333,1
142442,6.0,5,1.0,0.8333333333333334,1
142838,6.0,1,5.0,0.16666666666666666,1
143091,24.0,24,0.0,1.0,1
143630,12.0,12,0.0,1.0,1
144565,12.0,12,0.0,1.0,1
144587,12.0,12,0.0,1.0,2
145082,48.0,36,12.0,0.75,1
145621,12.0,12,0.0,1.0,1
145687,48.0,49,-1.0,1.0208333333333335,1
145830,24.0,24,0.0,1.0,1
146083,48.0,47,1.0,0.9791666666666667,1
146413,12.0,3,9.0,0.25,1
146952,24.0,24,0.0,1.0,1
147513,48.0,47,1.0,0.9791666666666667,1
147810,12.0,12,0.0,1.0,1
149889,12.0,10,2.0,0.8333333333333333,1
150857,6.0,6,0.0,1.0,1
151319,12.0,12,0.0,1.0,1
151352,48.0,46,2.0,0.9583333333333333,1
151814,8.0,8,0.0,1.0,1
152133,30.0,36,-6.0,1.777777777777778,2
152518,6.0,1,5.0,0.16666666666666666,1
153079,6.0,6,0.0,1.0,1
154245,12.0,12,0.0,1.0,2
154850,6.0,6,0.0,1.0,1
155367,12.0,12,0.0,1.0,1
155730,6.0,6,0.0,1.0,1
156093,12.0,12,0.0,1.0,1
156434,36.0,32,4.0,0.8888888888888888,1
156500,12.0,12,0.0,1.0,1
156577,6.0,6,0.0,1.0,1
156775,12.0,12,0.0,1.0,1
156863,12.0,12,0.0,1.0,1
157347,48.0,44,4.0,0.9166666666666666,2
157798,12.0,15,-3.0,1.25,2
158029,4.0,3,1.0,0.75,1
158216,4.0,4,0.0,1.0,1
158425,12.0,12,0.0,1.0,1
158469,6.0,6,0.0,1.0,1
158744,6.0,6,0.0,1.0,1
158799,6.0,6,0.0,1.0,1
159602,6.0,6,0.0,1.0,1
160548,12.0,12,0.0,1.0,1
160713,12.0,12,0.0,1.0,1
161824,12.0,12,0.0,1.0,1
163221,6.0,6,0.0,1.0,1
163639,24.0,18,6.0,0.6944444444444445,3
163793,8.0,8,0.0,1.0,2
164332,6.0,6,0.0,1.0,1
165344,18.0,24,-6.0,1.5,2
165366,60.0,46,14.0,0.6527777777777778,2
165839,66.0,49,17.0,0.6851851851851851,2
166312,12.0,12,0.0,1.0,1
166686,6.0,6,0.0,1.0,1
167885,12.0,12,0.0,1.0,1
168622,12.0,12,0.0,1.0,1
168886,84.0,49,35.0,0.5208333333333334,4
169029,8.0,8,0.0,1.0,1
169766,24.0,24,0.0,1.0,1
169788,12.0,18,-6.0,1.5,1
170503,6.0,1,5.0,0.16666666666666666,1
170866,6.0,6,0.0,1.0,1
171196,12.0,12,0.0,1.0,1
171284,6.0,6,0.0,1.0,1
171801,6.0,6,0.0,1.0,1
172472,12.0,10,2.0,0.8333333333333333,1
173572,12.0,10,2.0,0.8333333333333334,1
174705,12.0,12,0.0,1.0,1
175343,12.0,12,0.0,1.0,1
175981,54.0,34,20.0,0.6435185185185185,3
177103,12.0,11,1.0,0.9166666666666667,1
177554,12.0,13,-1.0,1.0833333333333333,1
177675,12.0,12,0.0,1.0,1
177763,8.0,7,1.0,0.875,2
178027,12.0,10,2.0,0.8333333333333333,1
178566,12.0,12,0.0,1.0,2
178632,16.0,10,6.0,0.75,2
179171,6.0,6,0.0,1.0,1
179699,6.0,6,0.0,1.0,1
179831,12.0,8,4.0,0.6666666666666666,1
179853,8.0,8,0.0,1.0,1
180084,48.0,39,9.0,0.8125,1
180326,24.0,22,2.0,0.9166666666666666,1
180579,12.0,11,1.0,0.9166666666666667,1
180865,12.0,12,0.0,1.0,1
181404,6.0,6,0.0,1.0,1
181756,12.0,10,2.0,0.8333333333333333,1
182306,12.0,13,-1.0,1.0833333333333335,1
183010,12.0,11,1.0,0.9166666666666667,1
183142,12.0,12,0.0,1.0,1
183802,6.0,6,0.0,1.0,1
184627,12.0,12,0.0,1.0,1
185540,24.0,23,1.0,0.9583333333333333,1
186068,12.0,13,-1.0,1.0833333333333335,1
186332,12.0,6,6.0,0.5,1
186442,8.0,8,0.0,1.0,1
186607,12.0,12,0.0,1.0,2
186651,12.0,11,1.0,0.9166666666666667,1
187014,12.0,6,6.0,0.5,2
187740,12.0,11,1.0,0.9166666666666667,1
187993,18.0,12,6.0,0.6666666666666666,2
188037,24.0,24,0.0,1.0,1
188103,10.0,10,0.0,1.0,2
188455,12.0,12,0.0,1.0,1
188994,12.0,12,0.0,1.0,1
189258,48.0,37,11.0,0.7708333333333334,1
189940,8.0,8,0.0,1.0,1
190072,6.0,6,0.0,1.0,1
190204,8.0,8,0.0,1.0,1
190556,12.0,12,0.0,1.0,1
191315,12.0,12,0.0,1.0,1
192096,12.0,12,0.0,1.0,1
192173,24.0,25,-1.0,1.0416666666666665,1
192426,12.0,11,1.0,0.9166666666666667,1
192800,18.0,18,0.0,1.0,2
193163,6.0,6,0.0,1.0,1
193625,12.0,12,0.0,1.0,2
194010,8.0,7,1.0,0.875,2
194538,12.0,12,0.0,1.0,1
194681,12.0,12,0.0,1.0,1
195715,24.0,24,0.0,1.0,1
196683,10.0,8,2.0,0.8333333333333333,2
196782,4.0,4,0.0,1.0,1
199158,12.0,12,0.0,1.0,1
199763,12.0,12,0.0,1.0,2
201985,12.0,12,0.0,1.0,1
202051,6.0,6,0.0,1.0,1
202722,48.0,12,36.0,0.25,1
202832,6.0,7,-1.0,1.1666666666666667,1
203019,12.0,6,6.0,0.5,1
203173,6.0,6,0.0,1.0,1
203426,6.0,5,1.0,0.8333333333333334,1
203844,4.0,4,0.0,1.0,1
203888,12.0,12,0.0,1.0,2
204020,36.0,22,14.0,0.6111111111111112,2
204922,12.0,3,9.0,0.25,2
205747,12.0,12,0.0,1.0,1
206726,48.0,47,1.0,0.9791666666666667,2
206737,4.0,4,0.0,1.0,1
207166,6.0,6,0.0,1.0,1
207375,8.0,8,0.0,1.0,1
208112,12.0,8,4.0,0.6666666666666666,2
208871,6.0,6,0.0,1.0,1
209080,8.0,8,0.0,1.0,1
209135,12.0,12,0.0,1.0,1
209520,12.0,12,0.0,1.0,1
209740,24.0,24,0.0,1.0,1
210191,4.0,4,0.0,1.0,1
210290,12.0,12,0.0,1.0,1
210730,12.0,9,3.0,0.75,2
210818,12.0,12,0.0,1.0,1
211170,12.0,12,0.0,1.0,1
211214,6.0,2,4.0,0.3333333333333333,1
211346,12.0,12,0.0,1.0,1
211423,18.0,1,17.0,0.05555555555555555,1
211467,6.0,6,0.0,1.0,1
211962,30.0,30,0.0,1.0,2
213095,12.0,11,1.0,0.9166666666666666,1
213315,12.0,12,0.0,1.0,1
213436,36.0,12,24.0,0.625,2
214910,6.0,1,5.0,0.16666666666666666,1
215372,8.0,8,0.0,1.0,1
215482,12.0,11,1.0,0.9166666666666667,1
216120,12.0,12,0.0,1.0,1
216846,8.0,8,0.0,1.0,1
217330,12.0,12,0.0,1.0,1
218232,24.0,6,18.0,0.25,1
218265,12.0,12,0.0,1.0,1
218782,8.0,8,0.0,1.0,1
219640,12.0,12,0.0,1.0,1
219684,12.0,11,1.0,0.9166666666666667,2
220938,6.0,6,0.0,1.0,1
221037,6.0,6,0.0,1.0,1
221818,12.0,16,-4.0,1.3333333333333335,1
222412,6.0,6,0.0,1.0,1
222445,4.0,4,0.0,1.0,1
223875,12.0,13,-1.0,1.0833333333333335,1
224161,12.0,11,1.0,0.9166666666666667,1
224524,12.0,12,0.0,1.0,1
224579,36.0,32,4.0,0.8888888888888888,1
225404,34.0,33,1.0,0.9444444444444445,3
225734,12.0,12,0.0,1.0,1
226383,48.0,48,0.0,1.0,1
226460,12.0,12,0.0,1.0,1
226614,12.0,11,1.0,0.9166666666666667,1
226713,12.0,10,2.0,0.8333333333333334,1
226779,8.0,8,0.0,1.0,1
227494,72.0,48,24.0,0.6666666666666666,2
227692,12.0,24,-12.0,2.0,1
227912,6.0,6,0.0,1.0,1
227967,12.0,12,0.0,1.0,1
228198,12.0,9,3.0,0.75,1
228671,12.0,12,0.0,1.0,1
229859,12.0,12,0.0,1.0,1
230134,6.0,1,5.0,0.16666666666666666,1
230189,6.0,5,1.0,0.8333333333333334,1
230244,12.0,5,7.0,0.41666666666666663,2
231432,30.0,7,23.0,0.5208333333333334,2
232598,8.0,8,0.0,1.0,1
233115,12.0,12,0.0,1.0,1
233566,12.0,12,0.0,1.0,1
233665,48.0,47,1.0,0.9791666666666667,1
233951,4.0,4,0.0,1.0,1
233984,6.0,5,1.0,0.8333333333333334,1
234116,6.0,6,0.0,1.0,1
234259,12.0,12,0.0,1.0,2
234281,12.0,12,0.0,1.0,1
235106,6.0,8,-2.0,1.3333333333333333,1
235810,12.0,12,0.0,1.0,1
235931,12.0,12,0.0,1.0,1
236514,6.0,5,1.0,0.8333333333333334,1
237031,12.0,1,11.0,0.08333333333333333,1
237097,12.0,6,6.0,0.5,2
237779,18.0,24,-6.0,1.5,2
238131,12.0,12,0.0,1.0,1
238626,18.0,11,7.0,0.6111111111111112,2
239066,4.0,4,0.0,1.0,1
239264,6.0,1,5.0,0.16666666666666666,1
239429,6.0,6,0.0,1.0,1
239616,12.0,13,-1.0,1.0833333333333335,1
239946,6.0,6,0.0,1.0,1
239957,12.0,12,0.0,1.0,1
242355,12.0,12,0.0,1.0,1
242553,12.0,13,-1.0,1.0833333333333335,1
243455,12.0,12,0.0,1.0,1
243994,6.0,6,0.0,1.0,1
244192,36.0,29,7.0,0.8055555555555556,1
244555,6.0,5,1.0,0.8333333333333334,1
244984,4.0,4,0.0,1.0,1
245919,12.0,11,1.0,0.9166666666666667,1
246150,6.0,12,-6.0,2.0,1
246282,12.0,23,-11.0,1.9166666666666665,1
246436,48.0,44,4.0,0.9166666666666667,1
246579,36.0,36,0.0,1.0,1
246821,12.0,12,0.0,1.0,1
246854,6.0,6,0.0,1.0,1
247096,12.0,12,0.0,1.0,1
247349,12.0,12,0.0,1.0,2
247800,6.0,6,0.0,1.0,1
248152,6.0,7,-1.0,1.1666666666666667,1
248163,24.0,23,1.0,0.9583333333333333,1
248295,6.0,5,1.0,0.8333333333333334,1
248504,12.0,11,1.0,0.9166666666666667,1
248625,6.0,1,5.0,0.16666666666666666,1
249703,6.0,2,4.0,0.3333333333333333,1
250649,54.0,37,17.0,0.5972222222222222,3
250715,48.0,40,8.0,0.8333333333333333,1
251023,12.0,11,1.0,0.9166666666666667,1
251067,30.0,18,12.0,0.6666666666666666,2
251276,4.0,4,0.0,1.0,1
251606,12.0,12,0.0,1.0,1
251683,12.0,12,0.0,1.0,1
251771,6.0,6,0.0,1.0,1
251958,24.0,24,0.0,1.0,2
252266,12.0,12,0.0,1.0,1
253410,12.0,12,0.0,1.0,1
253630,12.0,12,0.0,1.0,1
253652,8.0,8,0.0,1.0,1
254323,66.0,4,62.0,0.06597222222222222,4
255247,8.0,8,0.0,1.0,1
255566,12.0,12,0.0,1.0,1
255786,12.0,11,1.0,0.9166666666666667,1
255841,4.0,4,0.0,1.0,1
256358,12.0,23,-11.0,1.9166666666666665,1
256545,12.0,12,0.0,1.0,1
256633,24.0,23,1.0,0.9583333333333333,1
257260,12.0,9,3.0,0.75,1
257546,12.0,2,10.0,0.16666666666666666,2
258448,6.0,2,4.0,0.3333333333333333,1
258569,66.0,47,19.0,0.6574074074074074,2
258701,12.0,6,6.0,0.5,1
259537,12.0,12,0.0,1.0,1
259724,12.0,12,0.0,1.0,1
260219,12.0,12,0.0,1.0,1
261517,12.0,12,0.0,1.0,1
261704,10.0,8,2.0,0.75,2
262210,12.0,13,-1.0,1.0833333333333335,1
262441,6.0,5,1.0,0.8333333333333334,1
263321,10.0,11,-1.0,1.0833333333333335,2
263618,12.0,14,-2.0,1.1666666666666665,2
264080,16.0,13,3.0,0.75,2
266335,12.0,6,6.0,0.5,1
266357,6.0,6,0.0,1.0,1
267336,12.0,12,0.0,1.0,1
267787,24.0,24,0.0,1.0,1
268260,4.0,4,0.0,1.0,1
268315,36.0,36,0.0,1.0,1
269459,8.0,8,0.0,1.0,1
270493,6.0,6,0.0,1.0,1
270636,12.0,12,0.0,1.0,1
271010,8.0,8,0.0,1.0,1
271494,12.0,1,11.0,0.08333333333333333,1
273100,12.0,12,0.0,1.0,1
274123,6.0,6,0.0,1.0,1
274387,6.0,6,0.0,1.0,1
274629,24.0,22,2.0,0.9166666666666666,1
274838,8.0,5,3.0,0.625,1
275146,12.0,12,0.0,1.0,1
275883,12.0,12,0.0,1.0,1
275916,6.0,6,0.0,1.0,1
276268,60.0,30,30.0,0.5509259259259259,3
276972,12.0,12,0.0,1.0,1
278380,6.0,6,0.0,1.0,1
278655,6.0,5,1.0,0.8333333333333334,1
278688,8.0,8,0.0,1.0,1
278974,10.0,10,0.0,1.0,2
279403,12.0,10,2.0,0.8333333333333334,1
280217,24.0,24,0.0,1.0,2
280371,12.0,12,0.0,1.0,2
280393,12.0,12,0.0,1.0,1
281493,6.0,1,5.0,0.16666666666666666,1
281592,24.0,24,0.0,1.0,1
282824,18.0,14,4.0,0.75,2
283011,6.0,7,-1.0,1.1666666666666667,1
283110,4.0,4,0.0,1.0,1
283451,24.0,24,0.0,1.0,1
284892,24.0,10,14.0,0.41666666666666663,1
285695,12.0,10,2.0,0.8333333333333334,1
285772,12.0,12,0.0,1.0,1
286036,24.0,22,2.0,0.9166666666666667,1
286432,6.0,6,0.0,1.0,1
286608,6.0,1,5.0,0.16666666666666666,1
287235,24.0,17,7.0,0.7083333333333334,1
287477,24.0,18,6.0,0.75,1
287785,12.0,12,0.0,1.0,1
288951,16.0,12,4.0,0.7777777777777778,3
289094,4.0,4,0.0,1.0,1
289446,12.0,12,0.0,1.0,1
289545,12.0,12,0.0,1.0,2
290216,8.0,8,0.0,1.0,1
290403,4.0,4,0.0,1.0,1
291492,36.0,36,0.0,1.0,1
292328,12.0,12,0.0,1.0,1
292581,6.0,6,0.0,1.0,1
293637,10.0,8,2.0,0.8333333333333333,2
295804,4.0,4,0.0,1.0,1
296453,12.0,10,2.0,0.8333333333333333,1
297058,6.0,3,3.0,0.5,1
297289,8.0,8,0.0,1.0,1
297300,6.0,6,0.0,1.0,1
297663,4.0,4,0.0,1.0,1
297707,12.0,12,0.0,1.0,2
297916,6.0,6,0.0,1.0,1
298994,8.0,7,1.0,0.875,1
299467,6.0,6,0.0,1.0,1
300259,6.0,6,0.0,1.0,1
300281,12.0,12,0.0,1.0,1
300490,12.0,12,0.0,1.0,1
301260,4.0,3,1.0,0.75,1
301810,12.0,12,0.0,1.0,1
302536,12.0,12,0.0,1.0,1
302569,24.0,18,6.0,0.8333333333333334,2
302756,48.0,39,9.0,0.8125,1
303042,6.0,6,0.0,1.0,1
303548,8.0,7,1.0,0.875,1
304032,12.0,9,3.0,0.75,1
304560,8.0,6,2.0,0.75,1
304659,12.0,12,0.0,1.0,1
304703,6.0,6,0.0,1.0,1
304780,12.0,10,2.0,0.8333333333333334,1
304835,48.0,48,0.0,1.0,1
305176,48.0,26,22.0,0.7083333333333334,2
306166,10.0,10,0.0,1.0,2
306309,18.0,1,17.0,0.05555555555555555,1
306573,12.0,6,6.0,0.5,2
306672,12.0,12,0.0,1.0,1
310918,8.0,8,0.0,1.0,1
311512,4.0,4,0.0,1.0,1
311578,48.0,48,0.0,1.0,1
311688,6.0,6,0.0,1.0,1
311754,12.0,11,1.0,0.9166666666666667,1
311963,12.0,10,2.0,0.8333333333333334,1
312073,24.0,22,2.0,0.9166666666666666,1
312271,24.0,22,2.0,0.9166666666666667,1
312315,24.0,24,0.0,1.0,1
314053,12.0,12,0.0,1.0,1
314108,12.0,12,0.0,1.0,1
314141,4.0,4,0.0,1.0,1
314163,6.0,6,0.0,1.0,1
314482,12.0,11,1.0,0.9166666666666667,1
314790,12.0,12,0.0,1.0,1
315285,6.0,6,0.0,1.0,1
315340,12.0,12,0.0,1.0,1
315472,30.0,25,5.0,0.5833333333333334,2
315505,36.0,27,9.0,0.75,1
315813,6.0,6,0.0,1.0,1
315967,54.0,29,25.0,0.6342592592592592,3
316110,48.0,47,1.0,0.9791666666666667,1
316781,12.0,12,0.0,1.0,1
317133,8.0,7,1.0,0.875,1
317551,12.0,12,0.0,1.0,1
318552,6.0,12,-6.0,2.0,1
319201,12.0,12,0.0,1.0,1
319509,6.0,6,0.0,1.0,1
320576,12.0,12,0.0,1.0,1
320631,12.0,12,0.0,1.0,1
322116,12.0,12,0.0,1.0,1
322512,10.0,6,4.0,0.5833333333333333,2
322655,18.0,11,7.0,0.6111111111111112,2
322710,6.0,6,0.0,1.0,1
323106,18.0,2,16.0,0.125,2
323304,6.0,3,3.0,0.5,1
323667,12.0,12,0.0,1.0,1
323766,90.0,46,44.0,0.48263888888888884,3
325262,6.0,3,3.0,0.5,1
325515,12.0,12,0.0,1.0,1
326175,12.0,7,5.0,0.5833333333333334,1
326197,4.0,4,0.0,1.0,1
327561,12.0,12,0.0,1.0,1
327605,48.0,30,18.0,0.625,1
327649,12.0,12,0.0,1.0,1
328012,6.0,12,-6.0,2.0,1
328342,12.0,17,-5.0,1.4166666666666667,1
328386,48.0,46,2.0,0.9583333333333333,1
329057,6.0,6,0.0,1.0,1
331664,6.0,5,1.0,0.8333333333333334,1
332126,12.0,12,0.0,1.0,1
332335,12.0,12,0.0,1.0,1
332577,30.0,24,6.0,0.6944444444444445,2
333204,12.0,23,-11.0,1.9166666666666665,1
333611,8.0,8,0.0,1.0,1
333919,24.0,24,0.0,1.0,1
334029,12.0,14,-2.0,1.1666666666666667,1
334161,12.0,11,1.0,0.9166666666666667,1
334282,12.0,4,8.0,0.3333333333333333,1
334392,12.0,12,0.0,1.0,1
335415,12.0,9,3.0,0.75,1
335426,18.0,18,0.0,1.0,1
335481,12.0,12,0.0,1.0,2
335492,24.0,24,0.0,1.0,1
335998,12.0,12,0.0,1.0,1
336097,24.0,12,12.0,0.638888888888889,2
336328,12.0,11,1.0,0.9166666666666667,1
336394,12.0,12,0.0,1.0,2
336592,24.0,24,0.0,1.0,1
336933,30.0,23,7.0,0.6666666666666666,3
337945,24.0,24,0.0,1.0,1
338187,14.0,8,6.0,0.5555555555555555,3
338561,12.0,12,0.0,1.0,1
338836,12.0,12,0.0,1.0,2
339100,12.0,13,-1.0,1.0833333333333335,1
339177,12.0,12,0.0,1.0,1
339254,18.0,12,6.0,0.6666666666666666,3
339507,18.0,19,-1.0,1.2916666666666667,2
340519,12.0,12,0.0,1.0,1
341520,12.0,18,-6.0,1.5,1
341729,12.0,12,0.0,1.0,2
341806,6.0,6,0.0,1.0,1
341839,12.0,12,0.0,1.0,1
341872,12.0,12,0.0,1.0,1
341905,12.0,11,1.0,0.9166666666666667,1
342070,12.0,12,0.0,1.0,1
343566,6.0,4,2.0,0.6666666666666666,1
343632,12.0,12,0.0,1.0,1
344116,6.0,6,0.0,1.0,1
344204,12.0,12,0.0,1.0,1
344578,12.0,13,-1.0,1.0833333333333335,1
346613,8.0,6,2.0,0.75,1
347251,12.0,12,0.0,1.0,2
347845,12.0,12,0.0,1.0,1
347922,12.0,12,0.0,1.0,1
348164,12.0,10,2.0,0.8333333333333333,1
348274,12.0,12,0.0,1.0,1
348285,12.0,10,2.0,0.8333333333333333,1
349077,12.0,12,0.0,1.0,1
349165,4.0,3,1.0,0.75,1
349572,12.0,12,0.0,1.0,1
349847,10.0,10,0.0,1.0,2
351684,6.0,1,5.0,0.16666666666666666,1
351750,6.0,3,3.0,0.5,1
351860,12.0,12,0.0,1.0,1
352091,24.0,22,2.0,0.9166666666666666,1
352685,24.0,24,0.0,1.0,1
352740,48.0,22,26.0,0.4583333333333333,2
354071,6.0,4,2.0,0.6666666666666666,1
354115,66.0,44,22.0,0.6157407407407408,2
354390,12.0,12,0.0,1.0,2
354896,30.0,23,7.0,0.7666666666666667,4
356304,48.0,48,0.0,1.0,1
356491,6.0,6,0.0,1.0,1
356546,12.0,9,3.0,0.75,1
356557,30.0,28,2.0,1.5833333333333333,2
356700,12.0,12,0.0,1.0,1
356843,16.0,14,2.0,0.9166666666666667,2
357140,12.0,22,-10.0,1.8333333333333335,1
357316,22.0,3,19.0,0.2777777777777778,2
357327,12.0,12,0.0,1.0,1
357844,6.0,6,0.0,1.0,1
358185,12.0,12,0.0,1.0,1
358207,48.0,44,4.0,0.9166666666666667,1
358724,30.0,39,-9.0,1.1111111111111112,2
358933,12.0,12,0.0,1.0,1
360781,48.0,43,5.0,0.8958333333333334,1
361562,6.0,6,0.0,1.0,1
362310,12.0,10,2.0,0.8333333333333333,1
362618,24.0,24,0.0,1.0,1
363179,12.0,12,0.0,1.0,1
363212,12.0,12,0.0,1.0,1
363773,12.0,12,0.0,1.0,2
364554,12.0,9,3.0,0.75,1
364565,12.0,12,0.0,1.0,1
365412,24.0,2,22.0,0.08333333333333333,1
365808,10.0,10,0.0,1.0,2
365940,6.0,6,0.0,1.0,1
366578,12.0,12,0.0,1.0,1
367436,12.0,6,6.0,0.5,2
368470,24.0,1,23.0,0.041666666666666664,1
369922,12.0,12,0.0,1.0,1
371792,12.0,12,0.0,1.0,1
375103,4.0,4,0.0,1.0,1
378634,48.0,34,14.0,0.7083333333333334,1
378766,12.0,12,0.0,1.0,1
378843,6.0,6,0.0,1.0,1
379316,12.0,12,0.0,1.0,2
379657,48.0,48,0.0,1.0,1
380856,12.0,11,1.0,0.9166666666666667,1
380955,6.0,6,0.0,1.0,1
384761,6.0,1,5.0,0.16666666666666666,1
384805,12.0,12,0.0,1.0,1
386862,6.0,6,0.0,1.0,1
386950,6.0,6,0.0,1.0,1
387885,8.0,8,0.0,1.0,1
390349,18.0,11,7.0,0.611111111111111,3
393858,12.0,11,1.0,0.9166666666666667,1
394738,4.0,4,0.0,1.0,1
395959,6.0,6,0.0,1.0,1
402603,12.0,11,1.0,0.9166666666666667,1
404022,12.0,12,0.0,1.0,1
405111,12.0,12,0.0,1.0,1
406211,12.0,12,0.0,1.0,1
409225,12.0,12,0.0,1.0,1
409742,4.0,4,0.0,1.0,1
412503,6.0,5,1.0,0.8333333333333334,1
412646,6.0,6,0.0,1.0,1
413548,6.0,6,0.0,1.0,1
414714,36.0,36,0.0,1.0,1
417607,42.0,36,6.0,0.7037037037037037,2
418124,24.0,13,11.0,0.6944444444444443,2
418410,12.0,11,1.0,0.9166666666666667,1
423173,6.0,5,1.0,0.8333333333333334,1
427617,12.0,12,0.0,1.0,1
429564,12.0,12,0.0,1.0,1
430224,12.0,11,1.0,0.9166666666666667,1
430532,6.0,7,-1.0,1.1666666666666667,1
431181,8.0,8,0.0,1.0,1
439376,14.0,14,0.0,1.0,2
439519,6.0,6,0.0,1.0,1
440641,6.0,5,1.0,0.8333333333333334,1
440652,4.0,4,0.0,1.0,1
446064,12.0,12,0.0,1.0,1
448110,8.0,8,0.0,1.0,1
449166,6.0,3,3.0,0.5,1
450024,8.0,7,1.0,0.875,1
454754,48.0,24,24.0,0.5,1
456569,12.0,29,-17.0,2.416666666666667,1
457570,4.0,4,0.0,1.0,1
458813,12.0,12,0.0,1.0,1
459803,12.0,12,0.0,1.0,1
461519,4.0,4,0.0,1.0,1
462333,8.0,4,4.0,0.5,1
467558,4.0,4,0.0,1.0,1
472343,48.0,39,9.0,0.8125,1
472486,4.0,4,0.0,1.0,1
475544,12.0,12,0.0,1.0,1
475643,6.0,24,-18.0,4.0,1
476567,12.0,12,0.0,1.0,1
483475,4.0,3,1.0,0.75,1
489492,18.0,23,-5.0,1.4166666666666665,2
490141,4.0,3,1.0,0.75,1
492308,6.0,6,0.0,1.0,1
497709,6.0,6,0.0,1.0,1
498138,6.0,6,0.0,1.0,1
500910,4.0,3,1.0,0.75,1
501361,6.0,6,0.0,1.0,1
508115,4.0,4,0.0,1.0,1
509589,12.0,12,0.0,1.0,1
520523,12.0,12,0.0,1.0,1
523922,12.0,12,0.0,1.0,2
526254,12.0,12,0.0,1.0,1
526782,18.0,24,-6.0,1.5,2
527607,4.0,4,0.0,1.0,1
530126,12.0,12,0.0,1.0,1
542017,12.0,12,0.0,1.0,1
550465,12.0,12,0.0,1.0,1
551895,4.0,3,1.0,0.75,1
558517,6.0,3,3.0,0.5,1
561465,6.0,6,0.0,1.0,1
562510,6.0,6,0.0,1.0,1
567163,12.0,12,0.0,1.0,1
571893,6.0,4,2.0,0.6666666666666666,1
573598,24.0,24,0.0,1.0,1
574973,4.0,4,0.0,1.0,1
588052,4.0,4,0.0,1.0,1
600174,12.0,12,0.0,1.0,1
607995,6.0,6,0.0,1.0,1
608424,6.0,6,0.0,1.0,1
620799,12.0,12,0.0,1.0,1
625782,4.0,4,0.0,1.0,1
635132,12.0,12,0.0,1.0,1
637497,8.0,6,2.0,0.75,1
669848,12.0,12,0.0,1.0,1
685424,12.0,12,0.0,1.0,1
694323,20.0,26,-6.0,1.25,4
713936,6.0,6,0.0,1.0,1
727389,12.0,12,0.0,1.0,1
738158,6.0,4,2.0,0.6666666666666666,1
738477,12.0,12,0.0,1.0,1
739654,6.0,6,0.0,1.0,1
758123,12.0,12,0.0,1.0,2
772797,6.0,4,2.0,0.6666666666666666,1
774733,6.0,6,0.0,1.0,1
775272,6.0,6,0.0,1.0,1
815180,12.0,5,7.0,0.41666666666666663,2
821769,4.0,3,1.0,0.75,1
823617,6.0,6,0.0,1.0,1
824761,6.0,6,0.0,1.0,1
834925,4.0,4,0.0,1.0,1
837334,6.0,6,0.0,1.0,1
844638,12.0,12,0.0,1.0,2
846101,6.0,6,0.0,1.0,1
848433,12.0,11,1.0,0.9166666666666667,2
849225,18.0,18,0.0,1.0,1
856265,12.0,12,0.0,1.0,1
884249,12.0,48,-36.0,4.0,1
905930,8.0,8,0.0,1.0,1
907789,12.0,12,0.0,1.0,1
958576,24.0,6,18.0,0.25,1
958895,6.0,6,0.0,1.0,1
960963,18.0,24,-6.0,1.5,2
968553,8.0,8,0.0,1.0,1
986439,6.0,6,0.0,1.0,1
987946,12.0,12,0.0,1.0,1
994700,24.0,11,13.0,0.5833333333333334,2
1007460,8.0,8,0.0,1.0,2
1012674,12.0,12,0.0,1.0,1
1016469,6.0,6,0.0,1.0,1
1024708,12.0,14,-2.0,1.1666666666666665,1
1024851,12.0,1,11.0,0.08333333333333333,1
1030923,6.0,6,0.0,1.0,1
1037974,4.0,5,-1.0,1.25,1
1041021,12.0,12,0.0,1.0,1
1058610,4.0,4,0.0,1.0,1
1058654,66.0,48,18.0,0.6712962962962963,2
1081875,30.0,24,6.0,1.9375,2
1109529,18.0,18,0.0,1.0,2
1112829,6.0,6,0.0,1.0,1
1126623,6.0,6,0.0,1.0,1
1138877,12.0,12,0.0,1.0,1
1141385,12.0,12,0.0,1.0,1
1158127,6.0,6,0.0,1.0,1
1186958,8.0,8,0.0,1.0,2
1202006,12.0,5,7.0,0.41666666666666663,2
1283043,8.0,4,4.0,0.5,2
1294208,8.0,8,0.0,1.0,1
1322071,4.0,4,0.0,1.0,1
1343136,24.0,12,12.0,0.6666666666666666,2
1349505,12.0,12,0.0,1.0,2
1370196,6.0,6,0.0,1.0,1
1372902,12.0,12,0.0,1.0,2
1378237,12.0,12,0.0,1.0,1
1412183,6.0,5,1.0,0.8333333333333334,1
1412326,12.0,12,0.0,1.0,1
1466798,24.0,20,4.0,0.8333333333333333,1
1476896,6.0,6,0.0,1.0,1
1480504,12.0,7,5.0,0.5833333333333334,2
1520907,12.0,12,0.0,1.0,1
1520929,12.0,9,3.0,0.75,1
1522161,12.0,12,0.0,1.0,1
1532193,12.0,12,0.0,1.0,1
1532754,12.0,9,3.0,0.75,2
1542940,12.0,11,1.0,0.9166666666666667,1
1545283,4.0,3,1.0,0.75,1
1547798,12.0,12,0.0,1.0,1
1552022,24.0,23,1.0,0.9583333333333333,1
1578510,6.0,6,0.0,1.0,1
1586815,12.0,12,0.0,1.0,1
1591886,48.0,40,8.0,0.8333333333333333,1
1606274,4.0,4,0.0,1.0,1
1612357,12.0,11,1.0,0.9166666666666667,1
1633212,24.0,6,18.0,0.25,1
1659197,12.0,12,0.0,1.0,1
1661436,10.0,9,1.0,0.875,2
1662907,12.0,12,0.0,1.0,1
1665115,12.0,12,0.0,1.0,1
1668014,6.0,7,-1.0,1.1666666666666667,1
1694798,6.0,6,0.0,1.0,1
1704983,4.0,4,0.0,1.0,1
1726200,12.0,12,0.0,1.0,1
1734185,6.0,5,1.0,0.8333333333333334,1
1737372,8.0,6,2.0,0.75,2
1738747,4.0,4,0.0,1.0,1
1786840,4.0,4,0.0,1.0,1
1849072,6.0,6,0.0,1.0,1
1869727,12.0,12,0.0,1.0,1
2363163,36.0,24,12.0,0.6666666666666666,1
2391483,12.0,12,0.0,1.0,2
2393353,4.0,3,1.0,0.75,1
2393530,12.0,12,0.0,1.0,2
2396260,12.0,12,0.0,1.0,2
2399604,12.0,13,-1.0,1.0833333333333335,1
2402758,4.0,4,0.0,1.0,1
2403501,12.0,12,0.0,1.0,2
2404272,6.0,6,0.0,1.0,1
2405102,8.0,8,0.0,1.0,1
2405120,4.0,3,1.0,0.75,1
2411315,6.0,6,0.0,1.0,1
2415150,24.0,1,23.0,0.041666666666666664,1
2416662,12.0,12,0.0,1.0,1
2420124,12.0,12,0.0,1.0,1
2424189,12.0,18,-6.0,1.5,1
2427559,12.0,12,0.0,1.0,1
2428390,12.0,13,-1.0,1.0833333333333333,1
2441197,12.0,12,0.0,1.0,1
2455668,6.0,5,1.0,0.8333333333333334,1
2456069,8.0,7,1.0,0.875,2
2459404,20.0,8,12.0,0.375,4
2472612,12.0,11,1.0,0.9166666666666667,2
2491797,6.0,5,1.0,0.8333333333333334,1
2547437,12.0,12,0.0,1.0,2
2556924,12.0,12,0.0,1.0,1
2566868,12.0,10,2.0,0.8333333333333333,1
2593635,6.0,6,0.0,1.0,1
2617701,8.0,8,0.0,1.0,1
2620708,4.0,4,0.0,1.0,1
2621185,12.0,9,3.0,0.75,2
2624902,6.0,6,0.0,1.0,1
2625251,8.0,8,0.0,1.0,1
2625296,12.0,11,1.0,0.9166666666666667,1
2625638,12.0,12,0.0,1.0,1
2625889,12.0,11,1.0,0.9166666666666667,1
2636938,54.0,48,6.0,1.1666666666666667,2
2639204,12.0,10,2.0,0.8333333333333333,1
2644311,4.0,3,1.0,0.75,1
2648892,6.0,2,4.0,0.3333333333333333,1
2650859,6.0,6,0.0,1.0,1
2652286,48.0,36,12.0,0.75,1
2676051,6.0,6,0.0,1.0,1
2687225,12.0,12,0.0,1.0,1
2696120,6.0,7,-1.0,1.1666666666666667,1
2697504,12.0,13,-1.0,1.0833333333333335,2
2773421,6.0,1,5.0,0.16666666666666666,1
2790171,8.0,8,0.0,1.0,2
2791425,6.0,6,0.0,1.0,1
2791755,12.0,12,0.0,1.0,1
2792492,4.0,4,0.0,1.0,1
2796584,12.0,12,0.0,1.0,1
2797277,8.0,7,1.0,0.875,1
2798597,6.0,6,0.0,1.0,1
2799235,6.0,6,0.0,1.0,1
2810742,48.0,48,0.0,1.0,1
2813409,6.0,6,0.0,1.0,1
2814608,8.0,8,0.0,1.0,2
2824724,12.0,12,0.0,1.0,2
2829910,12.0,12,0.0,1.0,1
2845235,4.0,4,0.0,1.0,1
2845494,6.0,6,0.0,1.0,1
2905611,36.0,35,1.0,0.9722222222222222,1
2910187,12.0,18,-6.0,1.5,2
2977959,6.0,6,0.0,1.0,1
2978499,10.0,10,0.0,1.0,2
2978810,8.0,8,0.0,1.0,2
2981823,6.0,6,0.0,1.0,1
2994513,6.0,4,2.0,0.6666666666666666,1
3001399,6.0,6,0.0,1.0,1
3016016,10.0,10,0.0,1.0,2
3019950,6.0,6,0.0,1.0,1
3035277,6.0,6,0.0,1.0,1
3040831,12.0,12,0.0,1.0,1
3059904,12.0,11,1.0,0.9166666666666667,1
3067493,4.0,4,0.0,1.0,1
3087425,6.0,6,0.0,1.0,1
3098592,12.0,12,0.0,1.0,1
3174844,4.0,4,0.0,1.0,1
3174899,12.0,12,0.0,1.0,1
3180146,8.0,8,0.0,1.0,2
3203206,6.0,6,0.0,1.0,1
3214559,6.0,6,0.0,1.0,1
3342595,24.0,24,0.0,1.0,1
3363831,12.0,12,0.0,1.0,2
3372856,12.0,12,0.0,1.0,1
3373637,4.0,3,1.0,0.75,1
3380473,30.0,29,1.0,0.9722222222222222,2
3384720,12.0,12,0.0,1.0,1
3394488,4.0,4,0.0,1.0,1
3396073,8.0,8,0.0,1.0,2
3398287,12.0,12,0.0,1.0,1
3401655,12.0,12,0.0,1.0,1
3408749,6.0,6,0.0,1.0,1
3505763,12.0,12,0.0,1.0,1
3512879,12.0,11,1.0,0.9166666666666667,1
3524983,6.0,6,0.0,1.0,1
3550757,12.0,12,0.0,1.0,2
3563141,42.0,36,6.0,0.8888888888888888,2
3592543,6.0,6,0.0,1.0,1
3600601,6.0,6,0.0,1.0,1
3616706,12.0,12,0.0,1.0,2
3623793,4.0,4,0.0,1.0,1
3627042,6.0,6,0.0,1.0,1
3637149,6.0,6,0.0,1.0,1
3697632,6.0,6,0.0,1.0,1
3702657,6.0,6,0.0,1.0,1
3726604,12.0,12,0.0,1.0,1
3753202,6.0,6,0.0,1.0,1
3780581,6.0,6,0.0,1.0,1
3784084,4.0,4,0.0,1.0,1
3793925,24.0,13,11.0,0.6944444444444443,2
3797207,12.0,12,0.0,1.0,2
3862796,8.0,8,0.0,1.0,2
3863037,12.0,12,0.0,1.0,2
3873666,12.0,11,1.0,0.9166666666666667,1
3919380,12.0,12,0.0,1.0,1
3924558,4.0,4,0.0,1.0,1
3935724,6.0,6,0.0,1.0,1
3953058,12.0,12,0.0,1.0,2
3990127,4.0,4,0.0,1.0,1
4019234,6.0,6,0.0,1.0,1
4020327,12.0,12,0.0,1.0,2
4031789,6.0,6,0.0,1.0,1
4095121,4.0,4,0.0,1.0,1
4106738,10.0,10,0.0,1.0,2
4119971,6.0,6,0.0,1.0,1
4135130,12.0,12,0.0,1.0,1
4137286,42.0,5,37.0,0.12499999999999999,4
4141521,12.0,12,0.0,1.0,2
4145291,6.0,6,0.0,1.0,1
4151877,4.0,4,0.0,1.0,1
4160859,6.0,6,0.0,1.0,1
4167187,12.0,12,0.0,1.0,1
4189584,12.0,5,7.0,0.41666666666666663,1
4191856,12.0,12,0.0,1.0,1
4243344,6.0,6,0.0,1.0,1
4249079,6.0,1,5.0,0.16666666666666666,1
4257049,6.0,1,5.0,0.16666666666666666,1
4273957,4.0,4,0.0,1.0,1
4321810,12.0,12,0.0,1.0,1
4349946,24.0,24,0.0,1.0,1
4356913,10.0,4,6.0,0.4583333333333333,2
4377394,12.0,12,0.0,1.0,2
4405471,12.0,12,0.0,1.0,1
4417947,6.0,6,0.0,1.0,1
4434942,6.0,2,4.0,0.3333333333333333,1
4439684,4.0,1,3.0,0.25,1
4443016,12.0,11,1.0,0.9166666666666667,2
4469644,12.0,12,0.0,1.0,1
4484196,12.0,12,0.0,1.0,1
4500363,4.0,4,0.0,1.0,1
4514136,36.0,34,2.0,0.9444444444444444,2
4529743,12.0,12,0.0,1.0,2
4531510,8.0,8,0.0,1.0,2
4533076,10.0,10,0.0,1.0,2
4539846,12.0,12,0.0,1.0,1
4566971,6.0,6,0.0,1.0,1
4595042,6.0,6,0.0,1.0,1
4600882,4.0,4,0.0,1.0,1
4663768,6.0,5,1.0,0.8333333333333334,1
4669533,6.0,6,0.0,1.0,1
4676973,4.0,4,0.0,1.0,1
4683477,6.0,6,0.0,1.0,1
4699339,6.0,6,0.0,1.0,1
4713445,6.0,6,0.0,1.0,1
4715637,12.0,12,0.0,1.0,1
4717704,8.0,8,0.0,1.0,2
4717749,48.0,24,24.0,0.5,2
4718473,6.0,1,5.0,0.16666666666666666,1
4718672,12.0,11,1.0,0.9166666666666667,1
4719559,12.0,12,0.0,1.0,1
4719594,30.0,15,15.0,0.5,3
4719692,4.0,4,0.0,1.0,1
4719926,4.0,4,0.0,1.0,1
4720168,6.0,6,0.0,1.0,1
4720357,4.0,2,2.0,0.5,1
4720360,12.0,12,0.0,1.0,1
4720513,48.0,28,20.0,0.5833333333333333,1
4720703,12.0,13,-1.0,1.0833333333333335,1
4720738,24.0,24,0.0,1.0,1
4720973,12.0,12,0.0,1.0,1
4721018,12.0,12,0.0,1.0,1
4721118,12.0,12,0.0,1.0,1
4721140,24.0,30,-6.0,1.25,2
4721285,14.0,8,6.0,0.6388888888888888,2
4721516,4.0,4,0.0,1.0,1
4721770,12.0,12,0.0,1.0,1
4721826,6.0,6,0.0,1.0,1
4721929,12.0,12,0.0,1.0,1
4722043,4.0,4,0.0,1.0,1
4722096,30.0,24,6.0,0.8333333333333333,2
4722261,12.0,6,6.0,0.5,2
4722444,8.0,8,0.0,1.0,1
4723087,12.0,12,0.0,1.0,1
4723196,12.0,24,-12.0,2.0,1
4723481,6.0,6,0.0,1.0,1
4723513,12.0,12,0.0,1.0,1
4728195,6.0,6,0.0,1.0,1
4741496,24.0,12,12.0,0.5,2
4757022,6.0,5,1.0,0.8333333333333334,1
4757669,6.0,4,2.0,0.6666666666666666,1
4776819,6.0,6,0.0,1.0,1
4811931,12.0,10,2.0,0.8333333333333334,2
4814505,4.0,4,0.0,1.0,1
4852246,12.0,12,0.0,1.0,2
4878693,8.0,8,0.0,1.0,1
4879091,8.0,8,0.0,1.0,2
4888006,4.0,3,1.0,0.75,1
4911921,12.0,12,0.0,1.0,2
4913661,8.0,8,0.0,1.0,1
4916527,12.0,1,11.0,0.08333333333333333,1
4918102,4.0,2,2.0,0.5,1
4918536,18.0,13,5.0,0.8333333333333334,2
4918780,8.0,4,4.0,0.5,2
4920210,24.0,23,1.0,0.9583333333333333,1
4922174,8.0,8,0.0,1.0,1
4924664,12.0,11,1.0,0.9166666666666667,1
4925235,12.0,12,0.0,1.0,1
4925940,18.0,12,6.0,0.6666666666666666,2
4926973,48.0,44,4.0,0.9166666666666666,1
4927519,4.0,4,0.0,1.0,1
4956986,12.0,12,0.0,1.0,1
4995640,6.0,6,0.0,1.0,1
5010900,24.0,8,16.0,0.3333333333333333,1
5021331,12.0,13,-1.0,1.0833333333333335,1
5028729,12.0,12,0.0,1.0,1
5033734,24.0,24,0.0,1.0,1
5048840,16.0,16,0.0,1.0,2
5084965,12.0,12,0.0,1.0,1
5110321,6.0,6,0.0,1.0,1
5113624,12.0,10,2.0,0.8333333333333333,1
5115708,12.0,12,0.0,1.0,1
5116370,54.0,47,7.0,0.6944444444444443,3
5127194,10.0,4,6.0,0.4583333333333333,2
5128096,4.0,4,0.0,1.0,1
5128389,12.0,12,0.0,1.0,2
5137193,6.0,6,0.0,1.0,1
5140238,12.0,1,11.0,0.08333333333333333,1
5154609,12.0,12,0.0,1.0,1
5164309,4.0,4,0.0,1.0,1
5195871,48.0,24,24.0,0.5,1
5199649,12.0,12,0.0,1.0,2
5230692,6.0,6,0.0,1.0,1
5271925,6.0,5,1.0,0.8333333333333334,1
5287241,6.0,6,0.0,1.0,1
5292890,18.0,11,7.0,0.6666666666666667,2
5303015,28.0,7,21.0,0.3541666666666667,2
5304732,12.0,12,0.0,1.0,1
5305529,6.0,6,0.0,1.0,1
5308855,12.0,11,1.0,0.9166666666666667,2
5310114,12.0,12,0.0,1.0,1
5312941,6.0,6,0.0,1.0,1
5314863,6.0,6,0.0,1.0,1
5319908,4.0,4,0.0,1.0,1
5328399,8.0,4,4.0,0.5,2
5334189,6.0,1,5.0,0.16666666666666666,1
5337220,10.0,10,0.0,1.0,2
5356386,12.0,10,2.0,0.8333333333333334,1
5361003,12.0,12,0.0,1.0,1
5368436,6.0,6,0.0,1.0,1
5407862,66.0,19,47.0,0.3020833333333333,4
5414730,6.0,10,-4.0,1.6666666666666667,1
5453996,4.0,4,0.0,1.0,1
5485569,6.0,6,0.0,1.0,1
5493025,12.0,12,0.0,1.0,2
5493481,4.0,4,0.0,1.0,1
5508899,6.0,6,0.0,1.0,1
5519554,12.0,10,2.0,0.8333333333333333,2
5541857,12.0,11,1.0,0.9166666666666667,1
5546580,6.0,6,0.0,1.0,1
5570999,6.0,6,0.0,1.0,1
5583550,4.0,4,0.0,1.0,1
5597751,6.0,3,3.0,0.5,1
5598222,4.0,4,0.0,1.0,1
5607531,12.0,12,0.0,1.0,1
5612775,4.0,4,0.0,1.0,1
5615995,10.0,10,0.0,1.0,2
5616842,6.0,6,0.0,1.0,1
5652115,6.0,6,0.0,1.0,1
5655632,12.0,12,0.0,1.0,1
5667937,12.0,12,0.0,1.0,2
5669552,12.0,12,0.0,1.0,1
5671980,12.0,10,2.0,0.8333333333333333,1
5686549,6.0,6,0.0,1.0,1
5693807,18.0,24,-6.0,1.5,2
5713587,12.0,12,0.0,1.0,1
5727719,6.0,6,0.0,1.0,1
5733998,6.0,6,0.0,1.0,1
5776357,6.0,6,0.0,1.0,1
5805150,6.0,6,0.0,1.0,1
5823493,4.0,2,2.0,0.5,1
5824095,8.0,8,0.0,1.0,1
5824114,12.0,12,0.0,1.0,1
5852821,6.0,6,0.0,1.0,1
5857407,10.0,4,6.0,0.4583333333333333,2
5858976,6.0,5,1.0,0.8333333333333334,1
5859292,48.0,39,9.0,0.8125,1
5875322,12.0,12,0.0,1.0,1
5889238,6.0,6,0.0,1.0,1
5889411,4.0,4,0.0,1.0,1
5894489,6.0,6,0.0,1.0,1
5915514,24.0,3,21.0,0.1388888888888889,2
5930001,12.0,12,0.0,1.0,1
5934006,18.0,14,4.0,0.7777777777777778,1
5936013,4.0,4,0.0,1.0,1
5954566,6.0,12,-6.0,2.0,1
5958126,6.0,6,0.0,1.0,1
5962444,6.0,6,0.0,1.0,1
5969207,12.0,12,0.0,1.0,2
5986317,6.0,6,0.0,1.0,1
5988299,8.0,8,0.0,1.0,2
5993440,48.0,48,0.0,1.0,2
5998225,8.0,8,0.0,1.0,1
6001158,8.0,8,0.0,1.0,1
6005456,12.0,12,0.0,1.0,2
6025298,4.0,4,0.0,1.0,1
6027690,12.0,1,11.0,0.08333333333333333,1
6028493,6.0,6,0.0,1.0,1
6035576,4.0,4,0.0,1.0,1
6042529,24.0,24,0.0,1.0,1
6057171,8.0,8,0.0,1.0,1
6057848,4.0,4,0.0,1.0,1
6061319,6.0,3,3.0,0.5,1
6071324,6.0,2,4.0,0.3333333333333333,1
6072542,12.0,12,0.0,1.0,1
6072738,6.0,6,0.0,1.0,1
6073259,6.0,5,1.0,0.8333333333333334,1
6073777,4.0,1,3.0,0.25,1
6073838,4.0,4,0.0,1.0,1
6073938,6.0,6,0.0,1.0,1
6074014,24.0,23,1.0,0.9583333333333333,2
6077821,6.0,18,-12.0,3.0,1
6085104,6.0,6,0.0,1.0,1
6104868,4.0,4,0.0,1.0,1
6111805,12.0,1,11.0,0.08333333333333333,1
6129023,12.0,12,0.0,1.0,1
6161183,12.0,12,0.0,1.0,2
6167669,6.0,6,0.0,1.0,1
6214728,12.0,12,0.0,1.0,2
6224661,8.0,8,0.0,1.0,2
6226217,12.0,12,0.0,1.0,1
6227668,6.0,6,0.0,1.0,1
6236373,4.0,4,0.0,1.0,1
6246542,4.0,4,0.0,1.0,1
6250066,6.0,6,0.0,1.0,1
6250567,36.0,13,23.0,0.6805555555555555,2
6252123,6.0,6,0.0,1.0,1
6255232,12.0,12,0.0,1.0,1
6256537,12.0,10,2.0,0.8333333333333334,1
6257931,24.0,7,17.0,0.36111111111111116,3
6276652,6.0,6,0.0,1.0,1
6279617,12.0,13,-1.0,1.0833333333333335,2
6286079,12.0,12,0.0,1.0,2
6302688,6.0,6,0.0,1.0,1
6303247,12.0,18,-6.0,1.5,1
6303281,6.0,6,0.0,1.0,1
6305706,16.0,23,-7.0,1.3333333333333333,2
6306007,12.0,12,0.0,1.0,1
6309378,6.0,6,0.0,1.0,1
6310322,54.0,30,24.0,0.5555555555555555,3
6312960,6.0,6,0.0,1.0,1
6321661,4.0,3,1.0,0.75,1
6326128,66.0,46,20.0,0.7569444444444444,4
6336249,6.0,6,0.0,1.0,1
6348668,48.0,33,15.0,0.6875,1
6356133,6.0,6,0.0,1.0,1
6368666,42.0,12,30.0,0.25925925925925924,3
6369247,12.0,12,0.0,1.0,1
6375692,12.0,12,0.0,1.0,1
6384938,12.0,9,3.0,0.75,1
6408811,8.0,8,0.0,1.0,1
6426908,12.0,1,11.0,0.08333333333333333,1
6430089,12.0,11,1.0,0.9166666666666666,1
6439650,12.0,12,0.0,1.0,1
6440072,6.0,6,0.0,1.0,1
6456471,4.0,4,0.0,1.0,1
6457559,24.0,23,1.0,0.9583333333333334,1
6457618,6.0,6,0.0,1.0,1
6468017,12.0,12,0.0,1.0,1
6468315,48.0,45,3.0,0.9375,1
6469200,12.0,12,0.0,1.0,2
6470710,6.0,6,0.0,1.0,1
6471817,4.0,4,0.0,1.0,1
6477628,12.0,12,0.0,1.0,1
6492165,24.0,22,2.0,0.9166666666666667,1
6492922,6.0,6,0.0,1.0,1
6493635,12.0,6,6.0,0.5,2
6493866,12.0,12,0.0,1.0,1
6497412,6.0,4,2.0,0.6666666666666666,1
6497480,4.0,4,0.0,1.0,1
6498032,18.0,18,0.0,1.0,1
6501478,8.0,8,0.0,1.0,1
6501775,6.0,6,0.0,1.0,1
6502492,12.0,12,0.0,1.0,1
6503920,12.0,12,0.0,1.0,1
6504282,42.0,18,24.0,0.4444444444444444,2
6514716,12.0,11,1.0,0.9166666666666667,1
6519930,12.0,11,1.0,0.9166666666666667,2
6520719,6.0,6,0.0,1.0,1
6523387,6.0,6,0.0,1.0,1
6525520,24.0,23,1.0,0.9583333333333333,1
6527557,4.0,4,0.0,1.0,1
6528374,8.0,8,0.0,1.0,2
6528430,8.0,8,0.0,1.0,1
6532446,12.0,12,0.0,1.0,1
6535417,12.0,12,0.0,1.0,1
6535536,6.0,6,0.0,1.0,1
6535666,8.0,6,2.0,0.75,2
6535692,12.0,21,-9.0,1.75,1
6535962,12.0,12,0.0,1.0,1
6536738,6.0,12,-6.0,2.0,1
6561605,8.0,8,0.0,1.0,1
6563906,12.0,13,-1.0,1.0833333333333335,1
6588295,12.0,12,0.0,1.0,2
6589446,12.0,12,0.0,1.0,1
6591804,6.0,6,0.0,1.0,1
6592668,8.0,8,0.0,1.0,1
6621468,6.0,6,0.0,1.0,1
6622803,6.0,6,0.0,1.0,1
6626391,6.0,6,0.0,1.0,1
6639391,6.0,6,0.0,1.0,1
6639745,4.0,4,0.0,1.0,1
6641223,42.0,34,8.0,0.8518518518518517,2
6643883,4.0,4,0.0,1.0,1
6644799,12.0,5,7.0,0.4166666666666667,1
6648349,6.0,6,0.0,1.0,1
6654818,6.0,5,1.0,0.8333333333333334,1
6660268,6.0,6,0.0,1.0,1
6665723,12.0,13,-1.0,1.0833333333333335,1
6667079,6.0,6,0.0,1.0,1
6667511,8.0,8,0.0,1.0,1
6673818,6.0,6,0.0,1.0,1
6678235,12.0,16,-4.0,1.3333333333333335,1
6681824,4.0,4,0.0,1.0,1
6682059,42.0,38,4.0,0.9097222222222222,2
6682667,4.0,4,0.0,1.0,1
6691703,18.0,10,8.0,0.5555555555555555,3
6694422,6.0,6,0.0,1.0,1
6699017,12.0,12,0.0,1.0,2
6705376,12.0,12,0.0,1.0,1
6714236,12.0,12,0.0,1.0,1
6724435,8.0,7,1.0,0.875,1
6727277,8.0,7,1.0,0.875,1
6729873,12.0,12,0.0,1.0,2
6733821,12.0,1,11.0,0.08333333333333333,1
6734941,6.0,7,-1.0,1.1666666666666667,1
6744375,12.0,8,4.0,0.6666666666666667,1
6744576,6.0,6,0.0,1.0,1
6744904,12.0,9,3.0,0.75,1
6755506,6.0,6,0.0,1.0,1
6756865,12.0,1,11.0,0.08333333333333333,1
6758553,4.0,4,0.0,1.0,1
6764528,6.0,6,0.0,1.0,1
6774933,4.0,4,0.0,1.0,1
6779055,12.0,13,-1.0,1.0833333333333335,1
6782722,12.0,8,4.0,0.6666666666666666,1
6793291,6.0,6,0.0,1.0,1
6840892,12.0,12,0.0,1.0,2
6844447,12.0,13,-1.0,1.0833333333333335,1
6845131,8.0,8,0.0,1.0,2
6848465,54.0,34,20.0,0.888888888888889,2
6849383,6.0,6,0.0,1.0,1
6864068,12.0,12,0.0,1.0,1
6879764,12.0,12,0.0,1.0,2
6884054,4.0,4,0.0,1.0,1
6892043,6.0,6,0.0,1.0,1
6907596,4.0,4,0.0,1.0,1
6921620,6.0,6,0.0,1.0,1
6922358,6.0,5,1.0,0.8333333333333334,1
6927463,6.0,6,0.0,1.0,1
6927691,6.0,6,0.0,1.0,1
6929463,6.0,6,0.0,1.0,1
6929751,10.0,11,-1.0,1.125,2
6934152,6.0,6,0.0,1.0,1
6934704,12.0,12,0.0,1.0,1
6935819,12.0,12,0.0,1.0,2
6939561,6.0,1,5.0,0.16666666666666666,1
6940821,4.0,4,0.0,1.0,1
6941533,6.0,6,0.0,1.0,1
6952772,6.0,1,5.0,0.16666666666666666,1
6961757,6.0,5,1.0,0.8333333333333334,1
6961840,8.0,8,0.0,1.0,1
6961874,6.0,6,0.0,1.0,1
6962060,24.0,2,22.0,0.08333333333333333,2
6964171,30.0,30,0.0,1.125,2
6965054,6.0,6,0.0,1.0,1
6965477,6.0,6,0.0,1.0,1
6967332,12.0,12,0.0,1.0,1
6967665,16.0,21,-5.0,1.2777777777777777,3
6969237,6.0,6,0.0,1.0,1
6970249,8.0,8,0.0,1.0,2
6970702,6.0,6,0.0,1.0,1
6973645,6.0,6,0.0,1.0,1
6988734,4.0,4,0.0,1.0,1
6990307,24.0,24,0.0,1.0,1
6992660,6.0,6,0.0,1.0,1
6993899,12.0,13,-1.0,1.0833333333333335,1
6997639,12.0,6,6.0,0.5,2
7002315,6.0,5,1.0,0.8333333333333334,1
7011083,30.0,32,-2.0,1.0666666666666667,3
7013159,12.0,12,0.0,1.0,1
7017682,6.0,6,0.0,1.0,1
7018200,12.0,1,11.0,0.08333333333333333,1
7041939,6.0,6,0.0,1.0,1
7043154,12.0,12,0.0,1.0,1
7045104,6.0,5,1.0,0.8333333333333334,1
7059511,6.0,6,0.0,1.0,1
7059612,12.0,10,2.0,0.8333333333333334,2
7071539,6.0,6,0.0,1.0,1
7072224,4.0,4,0.0,1.0,1
7078009,6.0,6,0.0,1.0,1
7078089,12.0,12,0.0,1.0,1
7088205,6.0,7,-1.0,1.1666666666666667,1
7088773,12.0,12,0.0,1.0,1
7097709,8.0,2,6.0,0.25,2
7097717,12.0,12,0.0,1.0,2
7097972,12.0,13,-1.0,1.0833333333333335,2
7099069,12.0,12,0.0,1.0,1
7100156,4.0,4,0.0,1.0,1
7100628,48.0,43,5.0,0.8958333333333334,2
7101515,4.0,4,0.0,1.0,1
7101557,14.0,14,0.0,1.0,3
7101919,12.0,12,0.0,1.0,1
7102731,8.0,8,0.0,1.0,2
7107250,48.0,48,0.0,1.0,1
7111044,12.0,7,5.0,0.5833333333333333,2
7113344,12.0,12,0.0,1.0,2
7113566,6.0,6,0.0,1.0,1
7116715,12.0,12,0.0,1.0,1
7118505,12.0,19,-7.0,1.5833333333333333,1
7123651,6.0,6,0.0,1.0,1
7124698,8.0,8,0.0,1.0,2
7125198,6.0,6,0.0,1.0,1
7127190,12.0,12,0.0,1.0,1
7128768,6.0,6,0.0,1.0,1
7130740,6.0,6,0.0,1.0,1
7130832,24.0,6,18.0,0.25,1
7131268,24.0,24,0.0,1.0,1
7133219,6.0,6,0.0,1.0,1
7134160,12.0,1,11.0,0.08333333333333333,1
7143733,12.0,12,0.0,1.0,1
7156635,12.0,12,0.0,1.0,2
7157719,8.0,8,0.0,1.0,1
7159294,12.0,12,0.0,1.0,1
7160949,12.0,9,3.0,0.75,1
7163752,6.0,6,0.0,1.0,1
7182378,12.0,12,0.0,1.0,1
7182657,24.0,6,18.0,0.4444444444444445,2
7184999,12.0,12,0.0,1.0,1
7185291,12.0,12,0.0,1.0,1
7188419,4.0,4,0.0,1.0,1
7189187,12.0,12,0.0,1.0,2
7190635,6.0,7,-1.0,1.1666666666666667,1
7192064,6.0,6,0.0,1.0,1
7195222,8.0,7,1.0,0.875,2
7198051,8.0,8,0.0,1.0,2
7199439,6.0,4,2.0,0.6666666666666666,1
7200328,8.0,7,1.0,0.875,2
7202117,6.0,6,0.0,1.0,1
7204311,12.0,13,-1.0,1.0833333333333335,2
7208190,4.0,4,0.0,1.0,1
7209100,6.0,1,5.0,0.16666666666666666,1
7210233,6.0,6,0.0,1.0,1
7228072,6.0,6,0.0,1.0,1
7229614,12.0,6,6.0,0.5,1
7236940,10.0,10,0.0,1.0,2
7237612,6.0,6,0.0,1.0,1
7243642,6.0,6,0.0,1.0,1
7243952,12.0,12,0.0,1.0,1
7245585,12.0,12,0.0,1.0,2
7251624,4.0,4,0.0,1.0,1
7253088,4.0,1,3.0,0.25,1
7253191,24.0,24,0.0,1.0,1
7253509,6.0,6,0.0,1.0,1
7253532,6.0,10,-4.0,1.6666666666666667,1
7253778,12.0,11,1.0,0.9166666666666667,1
7253913,12.0,12,0.0,1.0,1
7254666,12.0,12,0.0,1.0,1
7257585,12.0,12,0.0,1.0,2
7260091,18.0,10,8.0,0.625,2
7262973,6.0,6,0.0,1.0,1
7264309,6.0,6,0.0,1.0,1
7265744,12.0,15,-3.0,1.25,2
7266046,6.0,5,1.0,0.8333333333333334,1
7274398,4.0,4,0.0,1.0,1
7283400,4.0,4,0.0,1.0,1
7285174,12.0,12,0.0,1.0,2
7291183,12.0,11,1.0,0.9166666666666667,2
7291356,12.0,18,-6.0,1.5,1
7295977,6.0,6,0.0,1.0,1
7310609,6.0,6,0.0,1.0,1
7320765,6.0,5,1.0,0.8333333333333334,1
7329956,6.0,6,0.0,1.0,1
7331174,6.0,6,0.0,1.0,1
7333228,6.0,6,0.0,1.0,1
7335314,4.0,4,0.0,1.0,1
7341653,12.0,12,0.0,1.0,1
7342149,6.0,8,-2.0,1.3333333333333333,1
7347946,4.0,4,0.0,1.0,1
7350046,12.0,12,0.0,1.0,2
7355353,12.0,12,0.0,1.0,1
7358453,6.0,6,0.0,1.0,1
7362320,12.0,1,11.0,0.08333333333333333,1
7368193,24.0,6,18.0,0.25,1
7381975,6.0,5,1.0,0.8333333333333334,1
7385675,6.0,6,0.0,1.0,1
7391216,6.0,6,0.0,1.0,1
7400708,10.0,10,0.0,1.0,2
7400773,6.0,6,0.0,1.0,1
7401191,12.0,12,0.0,1.0,2
7404466,6.0,6,0.0,1.0,1
7405783,6.0,6,0.0,1.0,1
7417791,18.0,6,12.0,0.3333333333333333,1
7433270,6.0,5,1.0,0.8333333333333334,1
7440245,12.0,10,2.0,0.8333333333333334,2
7452535,12.0,1,11.0,0.08333333333333333,1
7461178,8.0,7,1.0,0.875,2
7472808,8.0,8,0.0,1.0,1
7481438,4.0,1,3.0,0.25,1
7481971,6.0,6,0.0,1.0,1
7496614,6.0,5,1.0,0.8333333333333334,1
7505500,6.0,6,0.0,1.0,1
7506835,12.0,12,0.0,1.0,1
7512576,6.0,1,5.0,0.16666666666666666,1
7514314,12.0,12,0.0,1.0,1
7515243,8.0,8,0.0,1.0,1
7528254,12.0,12,0.0,1.0,2
7532100,12.0,1,11.0,0.08333333333333333,1
7546080,4.0,4,0.0,1.0,1
7563466,6.0,6,0.0,1.0,1
7565116,12.0,12,0.0,1.0,2
7568193,12.0,12,0.0,1.0,2
7575137,4.0,4,0.0,1.0,1
7576228,6.0,5,1.0,0.8333333333333334,1
7576264,4.0,4,0.0,1.0,1
7580061,12.0,6,6.0,0.5,1
7582576,6.0,1,5.0,0.16666666666666666,1
7589853,4.0,4,0.0,1.0,1
7591736,6.0,6,0.0,1.0,1
7595602,12.0,13,-1.0,1.0833333333333335,1
7595688,6.0,6,0.0,1.0,1
7595764,4.0,4,0.0,1.0,1
7595831,12.0,10,2.0,0.8333333333333334,1
7595875,12.0,12,0.0,1.0,1
7596075,8.0,8,0.0,1.0,1
7596576,12.0,12,0.0,1.0,1
7596683,12.0,8,4.0,0.6666666666666667,1
7596876,6.0,6,0.0,1.0,1
7596949,24.0,13,11.0,0.6944444444444443,2
7596956,6.0,6,0.0,1.0,1
7596991,12.0,12,0.0,1.0,1
7597193,12.0,10,2.0,0.8333333333333334,1
7597291,12.0,12,0.0,1.0,1
7597359,12.0,12,0.0,1.0,1
7597441,12.0,12,0.0,1.0,1
7597490,12.0,12,0.0,1.0,1
7597642,72.0,46,26.0,0.6388888888888888,2
7597709,6.0,6,0.0,1.0,1
7597763,12.0,12,0.0,1.0,1
7597776,12.0,8,4.0,0.6666666666666666,3
7597797,10.0,10,0.0,1.0,2
7598034,12.0,12,0.0,1.0,1
7598097,24.0,23,1.0,0.9583333333333333,1
7598202,12.0,12,0.0,1.0,1
7598242,6.0,6,0.0,1.0,1
7598329,48.0,48,0.0,1.0,1
7598383,8.0,8,0.0,1.0,1
7598466,12.0,11,1.0,0.9166666666666667,2
7598486,12.0,12,0.0,1.0,2
7598637,12.0,11,1.0,0.9166666666666667,1
7598671,30.0,26,4.0,0.8611111111111112,2
7598751,8.0,8,0.0,1.0,1
7598799,12.0,12,0.0,1.0,1
7598832,12.0,12,0.0,1.0,1
7598909,4.0,4,0.0,1.0,1
7598963,60.0,25,35.0,0.36111111111111116,3
7598994,18.0,8,10.0,0.4444444444444444,3
7599047,48.0,27,21.0,0.6018518518518519,3
7599073,12.0,12,0.0,1.0,1
7599143,12.0,12,0.0,1.0,1
7599206,12.0,12,0.0,1.0,1
7599258,12.0,12,0.0,1.0,1
7599290,14.0,9,5.0,0.7222222222222222,3
7599319,24.0,12,12.0,0.5,2
7599357,4.0,4,0.0,1.0,1
7599440,8.0,8,0.0,1.0,2
7599565,12.0,12,0.0,1.0,1
7599613,6.0,5,1.0,0.8333333333333334,1
7599631,12.0,12,0.0,1.0,1
7599740,18.0,12,6.0,0.6666666666666666,3
7599778,6.0,4,2.0,0.6666666666666666,1
7599812,12.0,12,0.0,1.0,2
7599890,8.0,8,0.0,1.0,1
7599905,12.0,36,-24.0,3.0,1
7599915,8.0,8,0.0,1.0,1
7600006,12.0,24,-12.0,2.0,1
7600035,24.0,15,9.0,0.625,1
7600066,12.0,12,0.0,1.0,1
7600203,6.0,6,0.0,1.0,1
7600389,12.0,6,6.0,0.5,2
7600411,4.0,4,0.0,1.0,1
7600657,4.0,1,3.0,0.25,1
7600740,24.0,24,0.0,1.0,2
7600768,8.0,7,1.0,0.875,1
7600821,10.0,16,-6.0,1.5,2
7600870,12.0,12,0.0,1.0,1
7600896,30.0,18,12.0,0.5277777777777778,3
7600937,8.0,6,2.0,0.75,1
7600995,6.0,4,2.0,0.6666666666666666,1
7601008,12.0,12,0.0,1.0,1
7601045,4.0,1,3.0,0.25,1
7601080,12.0,12,0.0,1.0,2
7601093,6.0,6,0.0,1.0,1
7601189,12.0,12,0.0,1.0,1
7601250,12.0,10,2.0,0.8333333333333334,2
7601338,12.0,12,0.0,1.0,1
7601396,12.0,12,0.0,1.0,1
7601546,6.0,4,2.0,0.6666666666666666,1
7601588,12.0,11,1.0,0.9166666666666667,1
7601593,12.0,12,0.0,1.0,1
7601704,18.0,11,7.0,0.6111111111111112,2
7601771,12.0,12,0.0,1.0,1
7601782,12.0,12,0.0,1.0,1
7601809,12.0,12,0.0,1.0,1
7601849,8.0,8,0.0,1.0,1
7601904,6.0,6,0.0,1.0,1
7601933,24.0,24,0.0,1.0,1
7601941,18.0,17,1.0,1.0416666666666665,2
7602026,12.0,12,0.0,1.0,1
7602066,6.0,1,5.0,0.16666666666666666,1
7602083,6.0,6,0.0,1.0,1
7602108,12.0,13,-1.0,1.0833333333333335,1
7602135,48.0,22,26.0,0.4583333333333333,1
7602208,24.0,18,6.0,0.75,1
7602267,18.0,6,12.0,0.3333333333333333,1
7602275,48.0,48,0.0,1.0,1
7602287,12.0,12,0.0,1.0,1
7602303,4.0,4,0.0,1.0,1
7602380,12.0,12,0.0,1.0,1
7602414,6.0,6,0.0,1.0,1
7602423,6.0,6,0.0,1.0,1
7602455,6.0,6,0.0,1.0,1
7602479,12.0,12,0.0,1.0,2
7602499,6.0,6,0.0,1.0,1
7602550,6.0,2,4.0,0.3333333333333333,1
7602590,12.0,12,0.0,1.0,1
7602637,6.0,6,0.0,1.0,1
7602658,18.0,6,12.0,0.3333333333333333,1
7602699,6.0,6,0.0,1.0,1
7602734,12.0,12,0.0,1.0,2
7602758,12.0,11,1.0,0.9166666666666667,1
7602765,4.0,4,0.0,1.0,1
7602779,6.0,6,0.0,1.0,1
7602791,12.0,12,0.0,1.0,1
7602926,8.0,8,0.0,1.0,1
7602981,12.0,12,0.0,1.0,1
7603016,12.0,12,0.0,1.0,1
7603134,48.0,32,16.0,0.6666666666666667,1
7603238,16.0,10,6.0,0.5833333333333334,3
7603248,6.0,6,0.0,1.0,1
7603269,12.0,12,0.0,1.0,1
7603319,24.0,21,3.0,0.875,2
7603351,12.0,10,2.0,0.8333333333333333,1
7603360,6.0,6,0.0,1.0,1
7603401,6.0,6,0.0,1.0,1
7603455,4.0,4,0.0,1.0,1
7603511,12.0,12,0.0,1.0,1
7603586,8.0,4,4.0,0.5,2
7603607,4.0,4,0.0,1.0,1
7603610,6.0,6,0.0,1.0,1
7603638,12.0,12,0.0,1.0,1
7603678,12.0,11,1.0,0.9166666666666667,1
7603733,8.0,8,0.0,1.0,1
7603743,6.0,6,0.0,1.0,1
7603768,8.0,8,0.0,1.0,1
7603781,6.0,6,0.0,1.0,1
7603852,8.0,8,0.0,1.0,2
7603871,6.0,6,0.0,1.0,1
7603946,6.0,6,0.0,1.0,1
7603975,6.0,6,0.0,1.0,1
7604029,12.0,12,0.0,1.0,2
7604133,8.0,8,0.0,1.0,1
7604148,6.0,6,0.0,1.0,1
7604154,8.0,8,0.0,1.0,1
7604306,6.0,6,0.0,1.0,1
7604340,8.0,8,0.0,1.0,1
7604350,12.0,12,0.0,1.0,1
7604367,8.0,8,0.0,1.0,1
7604382,6.0,6,0.0,1.0,1
7604414,6.0,6,0.0,1.0,1
7604623,6.0,6,0.0,1.0,1
7604761,12.0,12,0.0,1.0,1
7604834,12.0,9,3.0,0.75,2
7604860,12.0,12,0.0,1.0,1
7604876,4.0,4,0.0,1.0,1
7604892,4.0,4,0.0,1.0,1
7604934,6.0,6,0.0,1.0,1
7605079,6.0,5,1.0,0.8333333333333334,1
7605085,6.0,11,-5.0,1.8333333333333333,1
7605172,6.0,6,0.0,1.0,1
7605180,24.0,22,2.0,0.9166666666666666,1
7605197,30.0,17,13.0,0.5625,4
7605220,4.0,4,0.0,1.0,1
7605254,12.0,12,0.0,1.0,1
7605277,12.0,12,0.0,1.0,1
7605309,8.0,5,3.0,0.625,1
7605318,12.0,9,3.0,0.75,1
7605543,14.0,8,6.0,0.6388888888888888,3
7605555,6.0,6,0.0,1.0,1
7605679,24.0,21,3.0,0.875,1
7605730,8.0,8,0.0,1.0,2
7605774,6.0,6,0.0,1.0,1
7605887,6.0,5,1.0,0.8333333333333334,1
7606421,6.0,6,0.0,1.0,1
7606540,12.0,12,0.0,1.0,1
7606553,8.0,8,0.0,1.0,2
7606693,6.0,5,1.0,0.8333333333333334,1
7606741,6.0,5,1.0,0.8333333333333334,1
7609322,12.0,12,0.0,1.0,2
7610063,18.0,15,3.0,0.8333333333333334,1
7610212,12.0,12,0.0,1.0,1
7613908,6.0,6,0.0,1.0,1
7628985,6.0,6,0.0,1.0,1
7633428,4.0,4,0.0,1.0,1
7637183,24.0,24,0.0,1.0,1
7637823,6.0,6,0.0,1.0,1
7644135,6.0,3,3.0,0.5,1
7644276,36.0,12,24.0,0.625,2
7644759,30.0,24,6.0,0.8333333333333334,3
7644799,12.0,12,0.0,1.0,1
7645240,8.0,7,1.0,0.875,1
7645753,24.0,1,23.0,0.041666666666666664,1
7646884,4.0,4,0.0,1.0,1
7646896,4.0,4,0.0,1.0,1
7647220,48.0,44,4.0,0.9166666666666666,1
7648541,12.0,12,0.0,1.0,2
7649207,6.0,6,0.0,1.0,1
7650478,8.0,8,0.0,1.0,2
7652603,6.0,6,0.0,1.0,1
7652986,12.0,12,0.0,1.0,2
7653186,6.0,6,0.0,1.0,1
7653262,6.0,6,0.0,1.0,1
7653352,12.0,12,0.0,1.0,1
7654359,6.0,5,1.0,0.8333333333333334,1
7654463,6.0,6,0.0,1.0,1
7657755,16.0,10,6.0,0.75,2
7659537,8.0,8,0.0,1.0,2
7659884,12.0,12,0.0,1.0,1
7661081,12.0,12,0.0,1.0,1
7661807,6.0,6,0.0,1.0,1
7661987,6.0,6,0.0,1.0,1
7662099,6.0,6,0.0,1.0,1
7662166,6.0,6,0.0,1.0,1
7662352,12.0,1,11.0,0.08333333333333333,1
7662375,6.0,3,3.0,0.5,1
7663138,12.0,1,11.0,0.08333333333333333,1
7663149,12.0,12,0.0,1.0,2
7665425,6.0,3,3.0,0.5,1
7665703,6.0,6,0.0,1.0,1
7665905,12.0,12,0.0,1.0,2
7666343,12.0,12,0.0,1.0,2
7667068,6.0,6,0.0,1.0,1
7668373,4.0,4,0.0,1.0,1
7669041,8.0,7,1.0,0.875,1
7669058,4.0,2,2.0,0.5,1
7670810,48.0,48,0.0,1.0,1
7671131,6.0,6,0.0,1.0,1
7671198,12.0,8,4.0,0.6666666666666666,3
7672485,12.0,12,0.0,1.0,2
7673001,6.0,7,-1.0,1.1666666666666667,1
7673395,6.0,6,0.0,1.0,1
7673550,12.0,11,1.0,0.9166666666666667,2
7673646,12.0,8,4.0,0.6666666666666667,1
7673912,8.0,6,2.0,0.75,1
7674510,12.0,9,3.0,0.75,2
7674718,6.0,6,0.0,1.0,1
7675425,24.0,6,18.0,0.25,1
7675625,36.0,24,12.0,0.75,2
7676684,6.0,6,0.0,1.0,1
7676836,6.0,6,0.0,1.0,1
7677073,4.0,4,0.0,1.0,1
7677614,6.0,6,0.0,1.0,1
7677773,6.0,5,1.0,0.8333333333333334,1
7677950,6.0,6,0.0,1.0,1
7677988,6.0,6,0.0,1.0,1
7678301,4.0,4,0.0,1.0,1
7679198,12.0,1,11.0,0.08333333333333333,1
7679488,12.0,11,1.0,0.9166666666666667,1
7679524,18.0,8,10.0,0.5833333333333334,2
7679796,12.0,12,0.0,1.0,1
7679818,4.0,4,0.0,1.0,1
7679903,4.0,4,0.0,1.0,1
7679998,12.0,12,0.0,1.0,1
7680859,12.0,12,0.0,1.0,1
7681209,12.0,12,0.0,1.0,2
7681469,6.0,6,0.0,1.0,1
7682112,14.0,7,7.0,0.5555555555555555,3
7682591,6.0,6,0.0,1.0,1
7682607,12.0,10,2.0,0.8333333333333333,1
7682716,18.0,18,0.0,1.0,2
7682747,12.0,12,0.0,1.0,1
7682758,6.0,5,1.0,0.8333333333333334,1
7682817,4.0,4,0.0,1.0,1
7682828,12.0,23,-11.0,1.9166666666666665,1
7682961,6.0,6,0.0,1.0,1
7683011,4.0,4,0.0,1.0,1
7685540,6.0,6,0.0,1.0,1
7686176,10.0,10,0.0,1.0,2
7687555,4.0,4,0.0,1.0,1
7691590,8.0,8,0.0,1.0,2
7693923,4.0,4,0.0,1.0,1
7694130,12.0,12,0.0,1.0,2
7700129,12.0,12,0.0,1.0,1
7702992,12.0,12,0.0,1.0,2
7706126,12.0,9,3.0,0.75,1
7707289,10.0,9,1.0,0.875,2
7709499,6.0,7,-1.0,1.1666666666666667,1
7709924,12.0,12,0.0,1.0,1
7712319,6.0,1,5.0,0.16666666666666666,1
7719784,48.0,36,12.0,0.75,1
7748280,6.0,6,0.0,1.0,1
7749025,6.0,6,0.0,1.0,1
7765024,6.0,6,0.0,1.0,1
7772213,12.0,1,11.0,0.08333333333333333,1
7779634,4.0,4,0.0,1.0,1
7780988,6.0,6,0.0,1.0,1
7781298,4.0,4,0.0,1.0,1
7781866,6.0,6,0.0,1.0,1
7784147,4.0,2,2.0,0.5,1
7786182,12.0,12,0.0,1.0,1
7787928,24.0,2,22.0,0.08333333333333333,1
7788515,6.0,6,0.0,1.0,1
7790174,12.0,12,0.0,1.0,2
7791053,12.0,12,0.0,1.0,2
7792325,10.0,12,-2.0,1.1666666666666665,2
7793062,8.0,8,0.0,1.0,1
7793301,24.0,1,23.0,0.041666666666666664,1
7794446,6.0,6,0.0,1.0,1
7794470,6.0,6,0.0,1.0,1
7794616,12.0,12,0.0,1.0,2
7794735,8.0,5,3.0,0.625,2
7795808,6.0,6,0.0,1.0,1
7796424,6.0,6,0.0,1.0,1
7798679,12.0,12,0.0,1.0,2
7798823,4.0,4,0.0,1.0,1
7798866,6.0,6,0.0,1.0,1
7800527,12.0,12,0.0,1.0,1
7801993,6.0,6,0.0,1.0,1
7802485,12.0,12,0.0,1.0,2
7803721,6.0,6,0.0,1.0,1
7804138,6.0,6,0.0,1.0,1
7818329,6.0,1,5.0,0.16666666666666666,1
7819370,6.0,6,0.0,1.0,1
7820481,6.0,6,0.0,1.0,1
7820543,6.0,6,0.0,1.0,1
7822708,4.0,2,2.0,0.5,1
7860102,18.0,7,11.0,0.5416666666666666,2
7886048,6.0,6,0.0,1.0,1
7942904,6.0,6,0.0,1.0,1
7975086,6.0,5,1.0,0.8333333333333334,1
8031721,6.0,6,0.0,1.0,1
8074520,6.0,6,0.0,1.0,1
8084754,6.0,6,0.0,1.0,1
8085116,12.0,10,2.0,0.8333333333333334,1
8085138,12.0,12,0.0,1.0,1
8085164,60.0,48,12.0,0.6805555555555555,2
8085252,6.0,6,0.0,1.0,1
8085268,4.0,4,0.0,1.0,1
8085311,4.0,4,0.0,1.0,1
8085362,28.0,40,-12.0,1.6666666666666667,3
8086315,12.0,12,0.0,1.0,1
8086406,18.0,12,6.0,0.6666666666666666,2
8086417,16.0,12,4.0,0.6944444444444445,2
8086428,12.0,12,0.0,1.0,1
8093856,18.0,1,17.0,0.05555555555555555,1
8095065,6.0,6,0.0,1.0,1
8098753,6.0,12,-6.0,2.0,1
8113159,4.0,4,0.0,1.0,1
8117094,6.0,6,0.0,1.0,1
8123984,6.0,6,0.0,1.0,1
8172746,12.0,12,0.0,1.0,1
8186118,30.0,12,18.0,0.625,2
8187793,6.0,6,0.0,1.0,1
8187935,4.0,4,0.0,1.0,1
8188745,14.0,14,0.0,1.0,3
8197368,12.0,12,0.0,1.0,1
8204931,6.0,6,0.0,1.0,1
8211121,12.0,6,6.0,0.5,2
8212885,12.0,9,3.0,0.75,1
8235408,6.0,6,0.0,1.0,1
8245828,18.0,25,-7.0,1.5833333333333333,2
8256197,8.0,8,0.0,1.0,1
8256594,12.0,18,-6.0,1.5,1
8278683,4.0,1,3.0,0.25,1
8280033,12.0,12,0.0,1.0,1
8280107,12.0,12,0.0,1.0,1
8280434,6.0,1,5.0,0.16666666666666666,1
8280471,4.0,4,0.0,1.0,1
8287146,12.0,1,11.0,0.08333333333333333,1
8288858,6.0,1,5.0,0.16666666666666666,1
8297114,12.0,6,6.0,0.5,2
8298003,8.0,8,0.0,1.0,2
8298290,12.0,12,0.0,1.0,1
8298806,6.0,6,0.0,1.0,1
8304576,6.0,6,0.0,1.0,1
8304874,18.0,28,-10.0,1.8333333333333333,2
8306096,12.0,18,-6.0,1.5,2
8308171,32.0,8,24.0,0.5972222222222222,3
8308448,12.0,12,0.0,1.0,1
8319302,6.0,6,0.0,1.0,1
8320672,6.0,6,0.0,1.0,1
8320823,6.0,6,0.0,1.0,1
8322044,4.0,4,0.0,1.0,1
8322933,8.0,7,1.0,0.875,2
8322963,6.0,6,0.0,1.0,1
8323197,24.0,24,0.0,1.0,1
8323609,12.0,12,0.0,1.0,1
8327809,6.0,6,0.0,1.0,1
8331673,6.0,5,1.0,0.8333333333333334,1
8331804,12.0,11,1.0,0.9166666666666667,1
8332513,12.0,16,-4.0,1.3333333333333335,1
8332721,30.0,24,6.0,0.8,4
8333686,8.0,8,0.0,1.0,2
8334055,6.0,6,0.0,1.0,1
8334399,4.0,4,0.0,1.0,1
8334426,6.0,6,0.0,1.0,1
8334466,20.0,27,-7.0,1.375,4
8334659,6.0,6,0.0,1.0,1
8334735,12.0,12,0.0,1.0,1
8334744,12.0,12,0.0,1.0,1
8334888,6.0,6,0.0,1.0,1
8335498,6.0,5,1.0,0.8333333333333334,1
8335890,24.0,22,2.0,0.9166666666666667,1
8336166,12.0,12,0.0,1.0,1
8336213,12.0,12,0.0,1.0,1
8336263,6.0,6,0.0,1.0,1
8336410,12.0,12,0.0,1.0,2
8337796,6.0,6,0.0,1.0,1
8338608,12.0,12,0.0,1.0,1
8344176,12.0,12,0.0,1.0,1
8344326,12.0,12,0.0,1.0,1
8349480,12.0,11,1.0,0.9166666666666667,1
8349519,6.0,6,0.0,1.0,1
8349525,8.0,8,0.0,1.0,1
8350025,8.0,8,0.0,1.0,2
8350721,12.0,10,2.0,0.8333333333333334,1
8351381,12.0,12,0.0,1.0,1
8353077,12.0,12,0.0,1.0,1
8353113,30.0,24,6.0,1.0277777777777777,3
8353979,6.0,6,0.0,1.0,1
8354212,12.0,12,0.0,1.0,1
8355366,12.0,8,4.0,0.6666666666666666,1
8356375,6.0,1,5.0,0.16666666666666666,1
8356453,6.0,6,0.0,1.0,1
8358649,4.0,4,0.0,1.0,1
8359511,6.0,7,-1.0,1.1666666666666667,1
8360095,6.0,6,0.0,1.0,1
8360241,12.0,12,0.0,1.0,1
8361366,4.0,4,0.0,1.0,1
8361592,6.0,6,0.0,1.0,1
8362443,4.0,4,0.0,1.0,1
8364546,6.0,6,0.0,1.0,1
8366407,12.0,12,0.0,1.0,1
8366491,12.0,11,1.0,0.9166666666666667,2
8366637,8.0,8,0.0,1.0,2
8367246,12.0,12,0.0,1.0,2
8368093,6.0,6,0.0,1.0,1
8377838,12.0,12,0.0,1.0,1
8382252,10.0,11,-1.0,1.0833333333333335,2
8383515,6.0,6,0.0,1.0,1
8383998,4.0,4,0.0,1.0,1
8384495,12.0,12,0.0,1.0,1
8384678,12.0,12,0.0,1.0,2
8384880,6.0,6,0.0,1.0,1
8385148,12.0,12,0.0,1.0,1
8386782,12.0,12,0.0,1.0,1
8388736,6.0,6,0.0,1.0,1
8389623,12.0,13,-1.0,1.0833333333333335,1
8398793,12.0,22,-10.0,1.8333333333333335,2
8399162,12.0,12,0.0,1.0,1
8399925,12.0,10,2.0,0.8333333333333334,1
8401479,24.0,24,0.0,1.0,2
8401505,12.0,11,1.0,0.9166666666666667,1
8402006,24.0,17,7.0,0.75,2
8402765,12.0,12,0.0,1.0,1
8402853,12.0,12,0.0,1.0,1
8405421,6.0,6,0.0,1.0,1
8408693,6.0,4,2.0,0.6666666666666666,1
8411529,6.0,6,0.0,1.0,1
8412601,6.0,6,0.0,1.0,1
8413362,8.0,7,1.0,0.875,1
8413784,12.0,12,0.0,1.0,1
8418935,18.0,18,0.0,1.25,2
8419036,12.0,12,0.0,1.0,1
8420155,6.0,6,0.0,1.0,1
8421218,6.0,6,0.0,1.0,1
8447075,12.0,19,-7.0,1.5833333333333333,1
8447648,4.0,4,0.0,1.0,1
8448039,18.0,12,6.0,0.75,2
8449640,18.0,5,13.0,0.375,2
8450331,24.0,23,1.0,0.9583333333333334,1
8457917,4.0,4,0.0,1.0,1
8458821,12.0,12,0.0,1.0,1
8459378,12.0,19,-7.0,1.5833333333333335,1
8459494,12.0,18,-6.0,1.5,2
8460626,6.0,6,0.0,1.0,1
8460968,12.0,12,0.0,1.0,1
8461217,6.0,1,5.0,0.16666666666666666,1
8462262,6.0,6,0.0,1.0,1
8465468,6.0,6,0.0,1.0,1
8465981,12.0,12,0.0,1.0,1
8469182,12.0,12,0.0,1.0,2
8470099,6.0,6,0.0,1.0,1
8470831,12.0,13,-1.0,1.0833333333333335,1
8471290,12.0,12,0.0,1.0,1
8471513,6.0,6,0.0,1.0,1
8471552,6.0,6,0.0,1.0,1
8471633,12.0,12,0.0,1.0,2
8471763,12.0,12,0.0,1.0,2
8473134,6.0,6,0.0,1.0,1
8473213,12.0,12,0.0,1.0,2
8473452,12.0,12,0.0,1.0,2
8476960,24.0,4,20.0,0.16666666666666666,1
8479209,6.0,7,-1.0,1.1666666666666667,1
8479379,6.0,6,0.0,1.0,1
8480255,6.0,7,-1.0,1.1666666666666667,1
8481515,12.0,12,0.0,1.0,2
8485400,6.0,6,0.0,1.0,1
8487617,12.0,12,0.0,1.0,1
8488119,4.0,4,0.0,1.0,1
8498293,12.0,18,-6.0,1.5,2
8508619,4.0,4,0.0,1.0,1
8512958,12.0,7,5.0,0.5833333333333333,2
8515952,12.0,11,1.0,0.9166666666666667,1
8516134,6.0,6,0.0,1.0,1
8520225,12.0,13,-1.0,1.0833333333333335,2
8523942,12.0,1,11.0,0.08333333333333333,1
8524938,6.0,1,5.0,0.16666666666666666,1
8528877,6.0,6,0.0,1.0,1
8529119,4.0,4,0.0,1.0,1
8530022,6.0,6,0.0,1.0,1
8531144,6.0,6,0.0,1.0,1
8533134,6.0,6,0.0,1.0,1
8534159,6.0,6,0.0,1.0,1
8535205,12.0,12,0.0,1.0,2
8536243,8.0,8,0.0,1.0,2
8551649,6.0,6,0.0,1.0,1
8554844,6.0,6,0.0,1.0,1
8557407,8.0,8,0.0,1.0,2
8557480,6.0,4,2.0,0.6666666666666666,1
8572950,12.0,12,0.0,1.0,1
8586929,6.0,6,0.0,1.0,1
8589702,24.0,6,18.0,0.25,1
8589776,4.0,4,0.0,1.0,1
8591822,6.0,24,-18.0,4.0,1
8594415,4.0,4,0.0,1.0,1
8594587,12.0,1,11.0,0.08333333333333333,1
8595775,12.0,12,0.0,1.0,2
8596567,6.0,6,0.0,1.0,1
8598478,6.0,4,2.0,0.6666666666666666,1
8603571,12.0,13,-1.0,1.0833333333333335,1
8604013,6.0,6,0.0,1.0,1
8604335,6.0,6,0.0,1.0,1
8605782,6.0,6,0.0,1.0,1
8606869,6.0,6,0.0,1.0,1
8625079,6.0,6,0.0,1.0,1
8627358,6.0,6,0.0,1.0,1
8628691,48.0,12,36.0,0.25,2
8629309,6.0,6,0.0,1.0,1
8637593,10.0,10,0.0,1.0,2
8640687,6.0,6,0.0,1.0,1
8642446,6.0,6,0.0,1.0,1
8647942,6.0,6,0.0,1.0,1
8648861,6.0,6,0.0,1.0,1
8648910,6.0,6,0.0,1.0,1
8649451,12.0,12,0.0,1.0,1
8655986,6.0,6,0.0,1.0,1
8659114,6.0,6,0.0,1.0,1
8662775,6.0,5,1.0,0.8333333333333334,1
8662830,6.0,6,0.0,1.0,1
8666573,24.0,1,23.0,0.041666666666666664,1
8671222,6.0,4,2.0,0.6666666666666666,1
8671461,6.0,6,0.0,1.0,1
8680660,6.0,6,0.0,1.0,1
8681279,12.0,12,0.0,1.0,1
8681295,6.0,6,0.0,1.0,1
8688885,4.0,1,3.0,0.25,1
8702122,6.0,6,0.0,1.0,1
8710717,6.0,12,-6.0,2.0,1
8712843,6.0,6,0.0,1.0,1
8712963,12.0,1,11.0,0.08333333333333333,1
8714213,6.0,6,0.0,1.0,1
8714358,4.0,4,0.0,1.0,1
8715125,6.0,5,1.0,0.8333333333333334,1
8716986,6.0,6,0.0,1.0,1
8718948,48.0,23,25.0,0.8055555555555555,3
8718973,6.0,6,0.0,1.0,1
8719318,24.0,22,2.0,0.9166666666666666,1
8720383,4.0,4,0.0,1.0,1
8721738,12.0,12,0.0,1.0,2
8722055,24.0,10,14.0,0.4166666666666667,1
8723718,6.0,6,0.0,1.0,1
8724641,48.0,48,0.0,1.0,2
8725896,10.0,28,-18.0,2.5,2
8725965,6.0,6,0.0,1.0,1
8727639,6.0,6,0.0,1.0,1
8727931,6.0,6,0.0,1.0,1
8727986,4.0,4,0.0,1.0,1
8728015,6.0,6,0.0,1.0,1
8729990,12.0,12,0.0,1.0,2
8733879,6.0,6,0.0,1.0,1
8734797,6.0,6,0.0,1.0,1
8744893,4.0,4,0.0,1.0,1
8744930,4.0,4,0.0,1.0,1
8745142,12.0,12,0.0,1.0,1
8747589,6.0,6,0.0,1.0,1
8748670,12.0,1,11.0,0.08333333333333333,1
8749593,6.0,5,1.0,0.8333333333333334,1
8751355,6.0,12,-6.0,2.0,1
8752919,8.0,8,0.0,1.0,1
8754150,4.0,4,0.0,1.0,1
8754710,4.0,4,0.0,1.0,1
8756046,8.0,8,0.0,1.0,2
8756365,6.0,6,0.0,1.0,1
8756693,4.0,4,0.0,1.0,1
8757401,12.0,9,3.0,0.75,3
8757427,4.0,4,0.0,1.0,1
8759210,4.0,4,0.0,1.0,1
8760452,6.0,6,0.0,1.0,1
8760859,30.0,12,18.0,0.625,2
8760980,6.0,6,0.0,1.0,1
8761106,4.0,4,0.0,1.0,1
8761284,8.0,8,0.0,1.0,1
8763477,6.0,6,0.0,1.0,1
8763540,6.0,6,0.0,1.0,1
8764282,4.0,4,0.0,1.0,1
8765493,4.0,4,0.0,1.0,1
8766556,12.0,11,1.0,0.9166666666666667,2
8766769,8.0,8,0.0,1.0,1
8766969,4.0,4,0.0,1.0,1
8767644,8.0,8,0.0,1.0,2
8770140,6.0,6,0.0,1.0,1
8770339,10.0,10,0.0,1.0,2
8770877,6.0,6,0.0,1.0,1
8771054,12.0,12,0.0,1.0,1
8771232,6.0,6,0.0,1.0,1
8771855,6.0,6,0.0,1.0,1
8772550,8.0,8,0.0,1.0,2
8772812,4.0,3,1.0,0.75,1
8772988,12.0,12,0.0,1.0,2
8773587,12.0,12,0.0,1.0,2
8777460,10.0,10,0.0,1.0,2
8778031,10.0,10,0.0,1.0,2
8778972,4.0,4,0.0,1.0,1
8785323,6.0,6,0.0,1.0,1
8786800,6.0,6,0.0,1.0,1
8786872,12.0,18,-6.0,1.5,2
8791166,6.0,11,-5.0,1.8333333333333333,1
8791657,12.0,1,11.0,0.08333333333333333,1
8791889,6.0,6,0.0,1.0,1
8792357,12.0,12,0.0,1.0,2
8793135,6.0,6,0.0,1.0,1
8794448,6.0,6,0.0,1.0,1
8795690,6.0,4,2.0,0.6666666666666666,1
8796054,6.0,5,1.0,0.8333333333333334,1
8796220,6.0,6,0.0,1.0,1
8799390,6.0,6,0.0,1.0,1
8799994,4.0,4,0.0,1.0,1
8819620,6.0,6,0.0,1.0,1
8819645,6.0,6,0.0,1.0,1
8822813,4.0,4,0.0,1.0,1
8822824,18.0,18,0.0,1.0,1
8823813,24.0,12,12.0,0.6666666666666666,2
8824519,6.0,6,0.0,1.0,1
8824669,12.0,19,-7.0,1.5833333333333333,1
8824925,12.0,8,4.0,0.6666666666666667,1
8827599,12.0,12,0.0,1.0,1
8827620,6.0,6,0.0,1.0,1
8828732,6.0,6,0.0,1.0,1
8829616,6.0,6,0.0,1.0,1
8830483,18.0,16,2.0,0.9166666666666667,2
8830568,6.0,7,-1.0,1.1666666666666667,1
8833229,30.0,30,0.0,1.0,2
8833636,10.0,5,5.0,0.5833333333333334,2
8833724,6.0,6,0.0,1.0,1
8835261,6.0,6,0.0,1.0,1
8835279,6.0,2,4.0,0.3333333333333333,1
8835785,4.0,4,0.0,1.0,1
8836327,6.0,5,1.0,0.8333333333333334,1
8837168,6.0,6,0.0,1.0,1
8837569,6.0,6,0.0,1.0,1
8838193,6.0,6,0.0,1.0,1
8838672,6.0,6,0.0,1.0,1
8839370,12.0,11,1.0,0.9166666666666667,2
8840677,8.0,8,0.0,1.0,2
8840919,6.0,6,0.0,1.0,1
8841577,12.0,12,0.0,1.0,2
8842171,12.0,12,0.0,1.0,1
8842208,12.0,12,0.0,1.0,1
8843315,6.0,5,1.0,0.8333333333333334,1
8843441,6.0,6,0.0,1.0,1
8844265,6.0,6,0.0,1.0,1
8844316,4.0,4,0.0,1.0,1
8846992,8.0,8,0.0,1.0,2
8847419,6.0,6,0.0,1.0,1
8847732,54.0,45,9.0,0.6666666666666666,3
8848358,12.0,7,5.0,0.5833333333333333,2
8850461,6.0,6,0.0,1.0,1
8851796,10.0,4,6.0,0.4583333333333333,2
8851840,4.0,2,2.0,0.5,1
8851965,6.0,6,0.0,1.0,1
8853218,6.0,6,0.0,1.0,1
8854905,8.0,4,4.0,0.5,2
8855372,4.0,4,0.0,1.0,1
8855778,4.0,4,0.0,1.0,1
8857043,6.0,6,0.0,1.0,1
8860618,6.0,6,0.0,1.0,1
8860826,6.0,6,0.0,1.0,1
8861674,4.0,4,0.0,1.0,1
8861878,8.0,8,0.0,1.0,2
8862658,10.0,10,0.0,1.0,2
8863126,12.0,12,0.0,1.0,2
8863172,6.0,6,0.0,1.0,1
8863188,12.0,12,0.0,1.0,2
8863722,6.0,6,0.0,1.0,1
8864269,4.0,4,0.0,1.0,1
8864454,6.0,2,4.0,0.3333333333333333,1
8864679,24.0,22,2.0,0.9166666666666666,1
8865156,4.0,4,0.0,1.0,1
8865577,6.0,6,0.0,1.0,1
8867457,4.0,4,0.0,1.0,1
8868194,12.0,12,0.0,1.0,2
8870039,12.0,12,0.0,1.0,1
8871406,12.0,12,0.0,1.0,1
8873079,12.0,12,0.0,1.0,1
8873346,6.0,6,0.0,1.0,1
8874128,12.0,17,-5.0,1.4166666666666667,1
8877988,6.0,6,0.0,1.0,1
8878075,8.0,4,4.0,0.5,2
8878208,8.0,8,0.0,1.0,2
8879199,12.0,12,0.0,1.0,2
8879256,12.0,12,0.0,1.0,2
8882682,4.0,4,0.0,1.0,1
8882695,12.0,18,-6.0,1.5,2
8884516,6.0,6,0.0,1.0,1
8886583,12.0,4,8.0,0.3333333333333333,1
8887927,8.0,8,0.0,1.0,2
8888006,6.0,1,5.0,0.16666666666666666,1
8889997,8.0,8,0.0,1.0,2
8890368,6.0,6,0.0,1.0,1
8891231,12.0,1,11.0,0.08333333333333333,1
8901063,12.0,7,5.0,0.5833333333333333,2
8901288,12.0,6,6.0,0.5,2
8901974,12.0,12,0.0,1.0,1
8902864,6.0,6,0.0,1.0,1
8905001,24.0,21,3.0,0.875,1
8908535,4.0,4,0.0,1.0,1
8910244,6.0,6,0.0,1.0,1
8910269,12.0,11,1.0,0.9166666666666667,2
8910873,6.0,6,0.0,1.0,1
8911499,6.0,6,0.0,1.0,1
8911520,6.0,6,0.0,1.0,1
8911709,10.0,10,0.0,1.0,2
8913491,4.0,4,0.0,1.0,1
8921347,6.0,6,0.0,1.0,1
8921590,4.0,4,0.0,1.0,1
8921816,6.0,6,0.0,1.0,1
8925996,4.0,4,0.0,1.0,1
8926204,6.0,6,0.0,1.0,1
8927854,6.0,6,0.0,1.0,1
8931779,6.0,5,1.0,0.8333333333333334,1
8933433,12.0,2,10.0,0.16666666666666666,1
8933538,6.0,5,1.0,0.8333333333333334,1
8936576,6.0,6,0.0,1.0,1
8939320,6.0,5,1.0,0.8333333333333334,1
8945983,6.0,6,0.0,1.0,1
8947037,6.0,6,0.0,1.0,1
8949039,4.0,4,0.0,1.0,1
8955583,6.0,6,0.0,1.0,1
8956607,6.0,6,0.0,1.0,1
8963304,12.0,12,0.0,1.0,1
8968711,6.0,6,0.0,1.0,1
8972552,6.0,6,0.0,1.0,1
8972952,6.0,6,0.0,1.0,1
8979336,6.0,6,0.0,1.0,1
8980804,30.0,24,6.0,0.5625,2
8982463,6.0,6,0.0,1.0,1
8986953,12.0,1,11.0,0.08333333333333333,1
8987752,6.0,5,1.0,0.8333333333333334,1
8988983,6.0,6,0.0,1.0,1
8993082,4.0,4,0.0,1.0,1
8994528,6.0,6,0.0,1.0,1
9003193,6.0,6,0.0,1.0,1
9005524,6.0,6,0.0,1.0,1
9015062,6.0,6,0.0,1.0,1
9018125,6.0,6,0.0,1.0,1
9019414,6.0,6,0.0,1.0,1
9019568,4.0,4,0.0,1.0,1
9023044,4.0,4,0.0,1.0,1
9023705,6.0,24,-18.0,4.0,1
9028580,6.0,6,0.0,1.0,1
9043539,4.0,4,0.0,1.0,1
9043580,6.0,6,0.0,1.0,1
9043707,6.0,6,0.0,1.0,1
9047563,6.0,6,0.0,1.0,1
9059101,6.0,5,1.0,0.8333333333333334,1
9078956,6.0,6,0.0,1.0,1
9085106,6.0,1,5.0,0.16666666666666666,1
9093273,6.0,6,0.0,1.0,1
9094247,12.0,1,11.0,0.08333333333333333,1
9100018,4.0,4,0.0,1.0,1
9108299,6.0,6,0.0,1.0,1
9120980,12.0,1,11.0,0.08333333333333333,1
9131375,6.0,6,0.0,1.0,1
9139306,4.0,4,0.0,1.0,1
9157431,12.0,2,10.0,0.16666666666666666,1
9158705,54.0,23,31.0,0.5,3
9160705,6.0,4,2.0,0.6666666666666666,1
9168620,6.0,3,3.0,0.5,1
9169278,4.0,4,0.0,1.0,1
9171891,6.0,1,5.0,0.16666666666666666,1
9173096,4.0,4,0.0,1.0,1
9176878,12.0,3,9.0,0.25,1
9183535,6.0,6,0.0,1.0,1
9194084,24.0,1,23.0,0.041666666666666664,1
9201219,6.0,6,0.0,1.0,1
9217642,6.0,1,5.0,0.16666666666666666,1
9219418,6.0,1,5.0,0.16666666666666666,1
9219485,6.0,1,5.0,0.16666666666666666,1
9221796,12.0,2,10.0,0.16666666666666666,1
9238050,6.0,6,0.0,1.0,1
9241218,6.0,6,0.0,1.0,1
9242897,4.0,4,0.0,1.0,1
9242961,6.0,6,0.0,1.0,1
9248351,24.0,24,0.0,1.0,1
9259104,6.0,6,0.0,1.0,1
9259382,12.0,11,1.0,0.9166666666666666,1
9261227,6.0,7,-1.0,1.1666666666666667,1
9262560,6.0,6,0.0,1.0,1
9266901,6.0,6,0.0,1.0,1
9269399,6.0,6,0.0,1.0,1
9269643,6.0,6,0.0,1.0,1
9273692,6.0,6,0.0,1.0,1
9274700,6.0,6,0.0,1.0,1
9288756,6.0,6,0.0,1.0,1
9289397,4.0,4,0.0,1.0,1
9289551,6.0,6,0.0,1.0,1
9290628,6.0,6,0.0,1.0,1
9291402,6.0,6,0.0,1.0,1
9291873,6.0,6,0.0,1.0,1
9292944,6.0,6,0.0,1.0,1
9308130,4.0,4,0.0,1.0,1
9309187,12.0,12,0.0,1.0,1
9309691,6.0,6,0.0,1.0,1
9310516,6.0,6,0.0,1.0,1
9311583,6.0,6,0.0,1.0,1
9311765,6.0,6,0.0,1.0,1
9315346,4.0,3,1.0,0.75,1
9315398,4.0,4,0.0,1.0,1
9319894,6.0,6,0.0,1.0,1
9320040,4.0,4,0.0,1.0,1
9321538,6.0,6,0.0,1.0,1
9321960,18.0,18,0.0,1.0,1
9322112,6.0,6,0.0,1.0,1
9323005,18.0,11,7.0,0.6666666666666667,2
9323428,6.0,6,0.0,1.0,1
9327405,6.0,6,0.0,1.0,1
9328344,12.0,1,11.0,0.08333333333333333,1
9328806,6.0,6,0.0,1.0,1
9331727,12.0,18,-6.0,1.5,1
9331921,6.0,6,0.0,1.0,1
9336118,6.0,6,0.0,1.0,1
9336310,6.0,6,0.0,1.0,1
9336513,6.0,6,0.0,1.0,1
9336683,6.0,6,0.0,1.0,1
9344773,6.0,6,0.0,1.0,1
9346163,6.0,6,0.0,1.0,1
9348582,6.0,6,0.0,1.0,1
9350772,6.0,6,0.0,1.0,1
9351433,24.0,6,18.0,0.25,1
9351556,4.0,4,0.0,1.0,1
9353102,6.0,6,0.0,1.0,1
9353321,6.0,6,0.0,1.0,1
9354930,6.0,6,0.0,1.0,1
9363705,24.0,1,23.0,0.041666666666666664,1
9364797,24.0,24,0.0,1.0,1
9364957,6.0,6,0.0,1.0,1
9370725,6.0,6,0.0,1.0,1
9370995,6.0,6,0.0,1.0,1
9371008,6.0,7,-1.0,1.1666666666666667,1
9372951,6.0,6,0.0,1.0,1
9373969,6.0,6,0.0,1.0,1
9374017,6.0,6,0.0,1.0,1
9374330,6.0,6,0.0,1.0,1
9374512,6.0,6,0.0,1.0,1
9376228,6.0,6,0.0,1.0,1
9376550,12.0,11,1.0,0.9166666666666666,1
9378711,6.0,6,0.0,1.0,1
9378944,6.0,6,0.0,1.0,1
9379232,6.0,6,0.0,1.0,1
9379495,4.0,7,-3.0,1.75,1
9385171,6.0,6,0.0,1.0,1
9385870,6.0,13,-7.0,2.1666666666666665,1
9386573,6.0,6,0.0,1.0,1
9389335,6.0,6,0.0,1.0,1
9391400,6.0,6,0.0,1.0,1
9405355,6.0,6,0.0,1.0,1
9410313,6.0,1,5.0,0.16666666666666666,1
9411573,4.0,4,0.0,1.0,1
9411732,6.0,6,0.0,1.0,1
9420066,6.0,6,0.0,1.0,1
9423972,24.0,23,1.0,0.9583333333333334,1
9429445,6.0,6,0.0,1.0,1
9430850,6.0,6,0.0,1.0,1
9431303,6.0,6,0.0,1.0,1
9436873,12.0,1,11.0,0.08333333333333333,1
9437053,6.0,6,0.0,1.0,1
9438069,4.0,4,0.0,1.0,1
9445540,6.0,6,0.0,1.0,1
9445676,6.0,6,0.0,1.0,1
9447324,12.0,12,0.0,1.0,1
9448629,6.0,6,0.0,1.0,1
9450426,6.0,6,0.0,1.0,1
9451367,4.0,4,0.0,1.0,1
9452654,6.0,6,0.0,1.0,1
9452979,6.0,6,0.0,1.0,1
9453056,12.0,11,1.0,0.9166666666666666,1
9458307,6.0,6,0.0,1.0,1
9460559,6.0,6,0.0,1.0,1
9461342,4.0,4,0.0,1.0,1
9479529,6.0,5,1.0,0.8333333333333334,1
9481613,6.0,5,1.0,0.8333333333333334,1
9500409,4.0,4,0.0,1.0,1
9500950,6.0,6,0.0,1.0,1
9502094,6.0,6,0.0,1.0,1
9508096,6.0,6,0.0,1.0,1
9508734,12.0,1,11.0,0.08333333333333333,1
9564059,6.0,6,0.0,1.0,1
9613134,6.0,1,5.0,0.16666666666666666,1
9614884,4.0,4,0.0,1.0,1
9675330,12.0,1,11.0,0.08333333333333333,1
9682228,6.0,1,5.0,0.16666666666666666,1
9747444,4.0,1,3.0,0.25,1
9905927,6.0,2,4.0,0.3333333333333333,1
9944326,6.0,12,-6.0,2.0,1
