purchase_price,seats_sold,transactions,unique_events,total_revenue,cumulative_quantity,cumulative_share,share_of_total,avg_price,price_std,price_cv
230.0,2,1,1,460.0,2,4.8534265191225004e-05,4.8534265191225004e-05,63.06850854203066,25.918695157848106,0.4077477218794107
225.0,6,3,1,1350.0,8,0.00019413706076490002,0.00014560279557367502,63.06850854203066,25.918695157848106,0.4077477218794107
200.0,2,1,1,400.0,10,0.00024267132595612501,4.8534265191225004e-05,63.06850854203066,25.918695157848106,0.4077477218794107
199.0,2,1,1,398.0,12,0.00029120559114735004,4.8534265191225004e-05,63.06850854203066,25.918695157848106,0.4077477218794107
175.0,14,7,2,2450.0,26,0.0006309454474859251,0.000339739856338575,63.06850854203066,25.918695157848106,0.4077477218794107
169.0,60,35,1,10140.0,86,0.002086973403222675,0.00145602795573675,63.06850854203066,25.918695157848106,0.4077477218794107
167.0,20,10,1,3340.0,106,0.002572316055134925,0.00048534265191225003,63.06850854203066,25.918695157848106,0.4077477218794107
165.0,2,1,1,330.0,108,0.0026208503203261502,4.8534265191225004e-05,63.06850854203066,25.918695157848106,0.4077477218794107
159.0,417,243,1,66303.0,525,0.012740244612696563,0.010119394292370413,63.06850854203066,25.918695157848106,0.4077477218794107
155.0,2,1,1,310.0,527,0.01278877887788779,4.8534265191225004e-05,63.06850854203066,25.918695157848106,0.4077477218794107
150.0,2,1,1,300.0,529,0.012837313143079013,4.8534265191225004e-05,63.06850854203066,25.918695157848106,0.4077477218794107
145.0,8,4,2,1160.0,537,0.013031450203843914,0.00019413706076490002,63.06850854203066,25.918695157848106,0.4077477218794107
140.0,3,1,1,420.0,540,0.013104251601630751,7.280139778683751e-05,63.06850854203066,25.918695157848106,0.4077477218794107
139.0,2,2,1,278.0,542,0.013152785866821975,4.8534265191225004e-05,63.06850854203066,25.918695157848106,0.4077477218794107
137.0,1,1,1,137.0,543,0.013177052999417588,2.4267132595612502e-05,63.06850854203066,25.918695157848106,0.4077477218794107
136.0,15,7,1,2040.0,558,0.013541059988351777,0.0003640069889341875,63.06850854203066,25.918695157848106,0.4077477218794107
135.0,11,7,3,1485.0,569,0.013807998446903514,0.0002669384585517375,63.06850854203066,25.918695157848106,0.4077477218794107
134.0,22,9,4,2948.0,591,0.014341875364006988,0.000533876917103475,63.06850854203066,25.918695157848106,0.4077477218794107
133.0,5,3,3,665.0,596,0.014463211026985051,0.00012133566297806251,63.06850854203066,25.918695157848106,0.4077477218794107
131.0,7,7,2,917.0,603,0.014633080955154339,0.0001698699281692875,63.06850854203066,25.918695157848106,0.4077477218794107
130.0,2,1,1,260.0,605,0.014681615220345563,4.8534265191225004e-05,63.06850854203066,25.918695157848106,0.4077477218794107
129.0,4,2,1,516.0,609,0.014778683750728014,9.706853038245001e-05,63.06850854203066,25.918695157848106,0.4077477218794107
128.0,1,1,1,128.0,610,0.014802950883323627,2.4267132595612502e-05,63.06850854203066,25.918695157848106,0.4077477218794107
126.0,325,183,12,40950.0,935,0.02268976897689769,0.007886818093574064,63.06850854203066,25.918695157848106,0.4077477218794107
125.0,105,52,12,13125.0,1040,0.025237817899437003,0.0025480489225393125,63.06850854203066,25.918695157848106,0.4077477218794107
124.0,121,78,16,15004.0,1161,0.028174140943506114,0.0029363230440691127,63.06850854203066,25.918695157848106,0.4077477218794107
123.0,1,1,1,123.0,1162,0.028198408076101727,2.4267132595612502e-05,63.06850854203066,25.918695157848106,0.4077477218794107
122.0,38,21,9,4616.0,1200,0.029120559114735003,0.0009221510386332751,63.06850854203066,25.918695157848106,0.4077477218794107
121.0,118,74,8,14278.0,1318,0.031984080761017275,0.0028635216462822755,63.06850854203066,25.918695157848106,0.4077477218794107
119.0,167,98,26,19873.0,1485,0.036036691904484566,0.004052611143467288,63.06850854203066,25.918695157848106,0.4077477218794107
118.0,7,4,4,826.0,1492,0.036206561832653854,0.0001698699281692875,63.06850854203066,25.918695157848106,0.4077477218794107
116.0,173,96,11,20068.0,1665,0.040404775771694816,0.004198213939040963,63.06850854203066,25.918695157848106,0.4077477218794107
114.0,144,77,11,16416.0,1809,0.04389924286546302,0.0034944670937682005,63.06850854203066,25.918695157848106,0.4077477218794107
113.0,127,79,17,14351.0,1936,0.046981168705105804,0.0030819258396427877,63.06850854203066,25.918695157848106,0.4077477218794107
111.0,556,327,47,61716.0,2492,0.060473694428266354,0.01349252572316055,63.06850854203066,25.918695157848106,0.4077477218794107
110.0,282,112,28,31020.0,2774,0.06731702582022908,0.0068433313919627255,63.06850854203066,25.918695157848106,0.4077477218794107
109.0,217,118,36,23653.0,2991,0.07258299359347699,0.005265967773247913,63.06850854203066,25.918695157848106,0.4077477218794107
108.0,15,11,4,1620.0,3006,0.07294700058241119,0.0003640069889341875,63.06850854203066,25.918695157848106,0.4077477218794107
107.0,4,2,1,428.0,3010,0.07304406911279364,9.706853038245001e-05,63.06850854203066,25.918695157848106,0.4077477218794107
105.0,15,10,4,1575.0,3025,0.07340807610172782,0.0003640069889341875,63.06850854203066,25.918695157848106,0.4077477218794107
104.0,4,3,1,416.0,3029,0.07350514463211028,9.706853038245001e-05,63.06850854203066,25.918695157848106,0.4077477218794107
103.0,694,354,38,71482.0,3723,0.09034653465346534,0.016841390021355075,63.06850854203066,25.918695157848106,0.4077477218794107
102.0,157,99,36,16014.0,3880,0.09415647447097651,0.003809939817511163,63.06850854203066,25.918695157848106,0.4077477218794107
101.0,71,26,6,7171.0,3951,0.095879440885265,0.0017229664142884877,63.06850854203066,25.918695157848106,0.4077477218794107
100.0,28,17,8,2800.0,3979,0.09655892059794215,0.00067947971267715,63.06850854203066,25.918695157848106,0.4077477218794107
99.0,240,142,5,23760.0,4219,0.10238303242088914,0.005824111822947,63.06850854203066,25.918695157848106,0.4077477218794107
98.0,124,64,9,12152.0,4343,0.1053921568627451,0.0030091244418559504,63.06850854203066,25.918695157848106,0.4077477218794107
97.0,10,8,3,970.0,4353,0.10563482818870122,0.00024267132595612501,63.06850854203066,25.918695157848106,0.4077477218794107
96.0,4,2,1,384.0,4357,0.10573189671908367,9.706853038245001e-05,63.06850854203066,25.918695157848106,0.4077477218794107
95.0,2,1,1,190.0,4359,0.10578043098427489,4.8534265191225004e-05,63.06850854203066,25.918695157848106,0.4077477218794107
93.0,660,279,15,60636.0,5019,0.12179673849737915,0.01601630751310425,63.06850854203066,25.918695157848106,0.4077477218794107
92.0,110,58,8,10120.0,5129,0.12446612308289652,0.0026693845855173754,63.06850854203066,25.918695157848106,0.4077477218794107
91.0,75,38,11,6825.0,5204,0.12628615802756746,0.0018200349446709377,63.06850854203066,25.918695157848106,0.4077477218794107
90.0,45,24,11,4050.0,5249,0.12737817899437,0.0010920209668025627,63.06850854203066,25.918695157848106,0.4077477218794107
89.0,1340,553,8,119260.0,6589,0.15989613667249078,0.032517957678120754,63.06850854203066,25.918695157848106,0.4077477218794107
88.0,248,131,12,21824.0,6837,0.1659143855562027,0.006018248883711901,63.06850854203066,25.918695157848106,0.4077477218794107
87.55,19,7,2,1663.45,6856,0.16637546107551932,0.00046107551931663757,63.06850854203066,25.918695157848106,0.4077477218794107
87.0,16,6,2,1392.0,6872,0.16676373519704912,0.00038827412152980003,63.06850854203066,25.918695157848106,0.4077477218794107
86.0,47,22,14,4042.0,6919,0.1679042904290429,0.0011405552319937876,63.06850854203066,25.918695157848106,0.4077477218794107
85.0,391,168,11,33235.0,7310,0.1773927392739274,0.009488448844884489,63.06850854203066,25.918695157848106,0.4077477218794107
84.0,25,14,3,2100.0,7335,0.1779994175888177,0.0006066783148903125,63.06850854203066,25.918695157848106,0.4077477218794107
83.0,307,156,22,25481.0,7642,0.18544942729567074,0.007450009706853038,63.06850854203066,25.918695157848106,0.4077477218794107
82.4,3,2,2,247.20000000000002,7645,0.18552222869345758,7.280139778683751e-05,63.06850854203066,25.918695157848106,0.4077477218794107
82.0,114,66,17,9348.0,7759,0.1882886818093574,0.002766453115899825,63.06850854203066,25.918695157848106,0.4077477218794107
81.0,2,1,1,162.0,7761,0.18833721607454862,4.8534265191225004e-05,63.06850854203066,25.918695157848106,0.4077477218794107
80.0,148,78,17,11840.0,7909,0.19192875169869927,0.0035915356241506503,63.06850854203066,25.918695157848106,0.4077477218794107
79.0,286,159,11,22594.0,8195,0.19886915162104446,0.006940399922345176,63.06850854203066,25.918695157848106,0.4077477218794107
78.0,537,279,38,41886.0,8732,0.21190060182488837,0.013031450203843914,63.06850854203066,25.918695157848106,0.4077477218794107
77.0,215,106,35,16555.0,8947,0.21711803533294505,0.005217433508056688,63.06850854203066,25.918695157848106,0.4077477218794107
76.0,362,180,33,27512.0,9309,0.22590273733255678,0.008784701999611726,63.06850854203066,25.918695157848106,0.4077477218794107
75.65,43,12,4,3252.95,9352,0.22694622403416811,0.0010434867016113375,63.06850854203066,25.918695157848106,0.4077477218794107
75.0,893,422,9,66975.0,10245,0.24861677344205008,0.021670549407881965,63.06850854203066,25.918695157848106,0.4077477218794107
74.0,82,36,4,6068.0,10327,0.2506066783148903,0.0019899048728402252,63.06850854203066,25.918695157848106,0.4077477218794107
73.0,44,17,3,3212.0,10371,0.25167443214909724,0.00106775383420695,63.06850854203066,25.918695157848106,0.4077477218794107
72.9,2,2,1,145.8,10373,0.2517229664142885,4.8534265191225004e-05,63.06850854203066,25.918695157848106,0.4077477218794107
72.1,2,1,1,144.2,10375,0.25177150067947973,4.8534265191225004e-05,63.06850854203066,25.918695157848106,0.4077477218794107
72.0,752,403,38,54144.0,11127,0.2700203843913803,0.0182488837119006,63.06850854203066,25.918695157848106,0.4077477218794107
71.2,2,1,1,142.4,11129,0.27006891865657157,4.8534265191225004e-05,63.06850854203066,25.918695157848106,0.4077477218794107
71.0,459,233,32,32589.0,11588,0.28120753251795766,0.011138613861386138,63.06850854203066,25.918695157848106,0.4077477218794107
70.0,457,231,27,31990.0,12045,0.2922976121141526,0.011090079596194914,63.06850854203066,25.918695157848106,0.4077477218794107
69.0,1101,515,16,75969.0,13146,0.31901572510192194,0.026718112987769365,63.06850854203066,25.918695157848106,0.4077477218794107
68.0,403,180,22,27404.0,13549,0.3287953795379538,0.009779654436031838,63.06850854203066,25.918695157848106,0.4077477218794107
67.0,503,284,26,33701.0,14052,0.34100174723354687,0.01220636769559309,63.06850854203066,25.918695157848106,0.4077477218794107
66.0,351,191,8,23166.0,14403,0.34951951077460686,0.008517763541059988,63.06850854203066,25.918695157848106,0.4077477218794107
65.5,3,3,1,196.5,14406,0.3495923121723937,7.280139778683751e-05,63.06850854203066,25.918695157848106,0.4077477218794107
65.0,562,256,31,36530.0,14968,0.3632304406911279,0.013638128518734227,63.06850854203066,25.918695157848106,0.4077477218794107
64.0,663,307,47,42432.0,15631,0.379319549602019,0.01608910891089109,63.06850854203066,25.918695157848106,0.4077477218794107
63.0,84,46,13,5292.0,15715,0.3813579887400505,0.0020384391380314504,63.06850854203066,25.918695157848106,0.4077477218794107
62.5,11,5,2,687.5,15726,0.3816249271986022,0.0002669384585517375,63.06850854203066,25.918695157848106,0.4077477218794107
62.0,638,285,17,39556.0,16364,0.397107357794603,0.015482430596000777,63.06850854203066,25.918695157848106,0.4077477218794107
61.6,10,9,2,616.0,16374,0.3973500291205591,0.00024267132595612501,63.06850854203066,25.918695157848106,0.4077477218794107
61.2,8,4,1,489.6,16382,0.397544166181324,0.00019413706076490002,63.06850854203066,25.918695157848106,0.4077477218794107
61.0,824,453,28,50264.0,17206,0.41754028344010874,0.019996117258784703,63.06850854203066,25.918695157848106,0.4077477218794107
60.8,4,1,1,243.2,17210,0.4176373519704912,9.706853038245001e-05,63.06850854203066,25.918695157848106,0.4077477218794107
60.0,596,269,15,35770.0,17806,0.43210056299747623,0.014463211026985051,63.06850854203066,25.918695157848106,0.4077477218794107
59.0,1074,463,57,63366.0,18880,0.45816346340516406,0.026062900407687828,63.06850854203066,25.918695157848106,0.4077477218794107
58.65,4,1,1,234.6,18884,0.4582605319355465,9.706853038245001e-05,63.06850854203066,25.918695157848106,0.4077477218794107
58.0,277,136,9,16066.0,19161,0.4649825276645312,0.006721995728984663,63.06850854203066,25.918695157848106,0.4077477218794107
57.6,2,1,1,115.2,19163,0.4650310619297224,4.8534265191225004e-05,63.06850854203066,25.918695157848106,0.4077477218794107
57.0,605,288,21,34485.0,19768,0.47971267715006793,0.014681615220345563,63.06850854203066,25.918695157848106,0.4077477218794107
56.0,2219,1104,52,124264.0,21987,0.5335614443797321,0.05384876722966414,63.06850854203066,25.918695157848106,0.4077477218794107
55.0,1804,789,65,99220.0,23791,0.577339351582217,0.04377790720248496,63.06850854203066,25.918695157848106,0.4077477218794107
54.0,564,314,47,30479.0,24355,0.5910260143661425,0.013686662783925451,63.06850854203066,25.918695157848106,0.4077477218794107
53.9,11,3,2,592.9,24366,0.5912929528246942,0.0002669384585517375,63.06850854203066,25.918695157848106,0.4077477218794107
53.0,585,270,39,31005.0,24951,0.6054892253931276,0.014196272568433314,63.06850854203066,25.918695157848106,0.4077477218794107
52.0,76,40,9,3952.0,25027,0.6073335274703942,0.0018443020772665503,63.06850854203066,25.918695157848106,0.4077477218794107
51.5,34,18,10,1751.0,25061,0.6081586099786449,0.0008250825082508251,63.06850854203066,25.918695157848106,0.4077477218794107
51.0,3198,1478,57,163098.0,28259,0.6857649000194137,0.07760629004076879,63.06850854203066,25.918695157848106,0.4077477218794107
50.15,40,16,4,2006.0,28299,0.6867355853232382,0.0009706853038245001,63.06850854203066,25.918695157848106,0.4077477218794107
50.0,693,394,66,34670.0,28992,0.7035527082119977,0.016817122888759466,63.06850854203066,25.918695157848106,0.4077477218794107
49.6,10,5,1,496.0,29002,0.7037953795379538,0.00024267132595612501,63.06850854203066,25.918695157848106,0.4077477218794107
49.0,1598,626,26,78171.33,30600,0.7425742574257426,0.038778877887788776,63.06850854203066,25.918695157848106,0.4077477218794107
48.0,216,113,16,10368.0,30816,0.7478159580663949,0.0052417006406523005,63.06850854203066,25.918695157848106,0.4077477218794107
47.0,80,40,8,3760.0,30896,0.7497573286740439,0.0019413706076490001,63.06850854203066,25.918695157848106,0.4077477218794107
46.75,34,15,5,1589.5,30930,0.7505824111822947,0.0008250825082508251,63.06850854203066,25.918695157848106,0.4077477218794107
46.0,435,249,27,20010.0,31365,0.7611386138613861,0.010556202679091438,63.06850854203066,25.918695157848106,0.4077477218794107
45.0,2832,1362,61,127440.0,34197,0.8298631333721608,0.0687245195107746,63.06850854203066,25.918695157848106,0.4077477218794107
44.0,486,218,38,21384.0,34683,0.8416569598136284,0.011793826441467677,63.06850854203066,25.918695157848106,0.4077477218794107
43.35,8,3,3,346.8,34691,0.8418510968743933,0.00019413706076490002,63.06850854203066,25.918695157848106,0.4077477218794107
43.0,288,173,42,12384.0,34979,0.8488400310619297,0.006988934187536401,63.06850854203066,25.918695157848106,0.4077477218794107
42.0,55,28,12,2310.0,35034,0.8501747233546884,0.0013346922927586877,63.06850854203066,25.918695157848106,0.4077477218794107
41.25,2,1,1,82.5,35036,0.8502232576198796,4.8534265191225004e-05,63.06850854203066,25.918695157848106,0.4077477218794107
41.0,1695,834,55,69416.0,36731,0.8913560473694428,0.04113278974956319,63.06850854203066,25.918695157848106,0.4077477218794107
40.8,30,15,5,1224.0,36761,0.8920840613473112,0.000728013977868375,63.06850854203066,25.918695157848106,0.4077477218794107
40.0,382,204,42,15280.0,37143,0.9013541059988351,0.009270044651523975,63.06850854203066,25.918695157848106,0.4077477218794107
39.2,2,1,1,78.4,37145,0.9014026402640264,4.8534265191225004e-05,63.06850854203066,25.918695157848106,0.4077477218794107
39.0,419,154,9,16341.0,37564,0.911570568821588,0.010167928557561639,63.06850854203066,25.918695157848106,0.4077477218794107
38.5,38,21,14,1463.0,37602,0.9124927198602213,0.0009221510386332751,63.06850854203066,25.918695157848106,0.4077477218794107
38.25,37,19,5,1415.25,37639,0.913390603766259,0.0008978839060376626,63.06850854203066,25.918695157848106,0.4077477218794107
38.0,205,128,25,7790.0,37844,0.9183653659483595,0.004974762182100563,63.06850854203066,25.918695157848106,0.4077477218794107
37.0,125,60,14,4625.0,37969,0.9213987575228111,0.003033391574451563,63.06850854203066,25.918695157848106,0.4077477218794107
36.0,285,141,17,10260.0,38254,0.9283148903125606,0.006916132789749563,63.06850854203066,25.918695157848106,0.4077477218794107
35.7,31,18,13,1106.7,38285,0.9290671714230246,0.0007522811104639876,63.06850854203066,25.918695157848106,0.4077477218794107
35.2,86,45,9,3027.2000000000003,38371,0.9311541448262474,0.002086973403222675,63.06850854203066,25.918695157848106,0.4077477218794107
35.0,282,147,24,9870.0,38653,0.9379974762182101,0.0068433313919627255,63.06850854203066,25.918695157848106,0.4077477218794107
34.85,21,10,2,731.85,38674,0.9385070860027179,0.0005096097845078626,63.06850854203066,25.918695157848106,0.4077477218794107
34.0,85,45,19,2890.0,38759,0.940569792273345,0.0020627062706270625,63.06850854203066,25.918695157848106,0.4077477218794107
33.25,2,1,1,66.5,38761,0.9406183265385362,4.8534265191225004e-05,63.06850854203066,25.918695157848106,0.4077477218794107
33.0,380,221,53,12540.0,39141,0.949839836924869,0.009221510386332751,63.06850854203066,25.918695157848106,0.4077477218794107
32.8,19,9,5,623.2,39160,0.9503009124441856,0.00046107551931663757,63.06850854203066,25.918695157848106,0.4077477218794107
32.0,189,97,32,6048.0,39349,0.9548874005047564,0.004586488060570763,63.06850854203066,25.918695157848106,0.4077477218794107
31.0,55,36,27,1705.0,39404,0.956222092797515,0.0013346922927586877,63.06850854203066,25.918695157848106,0.4077477218794107
30.8,18,9,7,554.4,39422,0.956658901184236,0.00043680838672102506,63.06850854203066,25.918695157848106,0.4077477218794107
30.0,613,351,39,18390.0,40035,0.9715346534653465,0.014875752281110464,63.06850854203066,25.918695157848106,0.4077477218794107
29.0,204,116,26,5916.0,40239,0.9764851485148515,0.0049504950495049506,63.06850854203066,25.918695157848106,0.4077477218794107
28.7,36,18,12,1033.2,40275,0.9773587652882936,0.0008736167734420501,63.06850854203066,25.918695157848106,0.4077477218794107
28.5,11,5,2,313.5,40286,0.9776257037468453,0.0002669384585517375,63.06850854203066,25.918695157848106,0.4077477218794107
28.0,9,6,3,252.0,40295,0.9778441079402058,0.00021840419336051253,63.06850854203066,25.918695157848106,0.4077477218794107
27.5,14,6,4,385.0,40309,0.9781838477965443,0.000339739856338575,63.06850854203066,25.918695157848106,0.4077477218794107
27.0,21,14,2,567.0,40330,0.9786934575810522,0.0005096097845078626,63.06850854203066,25.918695157848106,0.4077477218794107
25.6,9,6,6,230.4,40339,0.9789118617744127,0.00021840419336051253,63.06850854203066,25.918695157848106,0.4077477218794107
25.5,59,32,18,1504.5,40398,0.9803436225975539,0.0014317608231411377,63.06850854203066,25.918695157848106,0.4077477218794107
25.0,170,95,11,4250.0,40568,0.984469035138808,0.004125412541254125,63.06850854203066,25.918695157848106,0.4077477218794107
24.5,1,1,1,24.5,40569,0.9844933022714036,2.4267132595612502e-05,63.06850854203066,25.918695157848106,0.4077477218794107
24.0,5,3,3,120.0,40574,0.9846146379343816,0.00012133566297806251,63.06850854203066,25.918695157848106,0.4077477218794107
23.5,2,1,1,47.0,40576,0.9846631721995729,4.8534265191225004e-05,63.06850854203066,25.918695157848106,0.4077477218794107
23.0,9,7,2,207.0,40585,0.9848815763929334,0.00021840419336051253,63.06850854203066,25.918695157848106,0.4077477218794107
22.5,9,5,4,202.5,40594,0.9850999805862939,0.00021840419336051253,63.06850854203066,25.918695157848106,0.4077477218794107
22.4,3,2,2,67.19999999999999,40597,0.9851727819840808,7.280139778683751e-05,63.06850854203066,25.918695157848106,0.4077477218794107
22.0,14,7,4,308.0,40611,0.9855125218404194,0.000339739856338575,63.06850854203066,25.918695157848106,0.4077477218794107
20.5,51,24,10,1045.5,40662,0.9867501456027956,0.0012376237623762376,63.06850854203066,25.918695157848106,0.4077477218794107
20.0,290,169,41,5800.0,40952,0.9937876140555232,0.007037468452727626,63.06850854203066,25.918695157848106,0.4077477218794107
19.0,33,20,2,627.0,40985,0.9945884294311784,0.0008008153756552125,63.06850854203066,25.918695157848106,0.4077477218794107
18.0,53,21,4,954.0,41038,0.9958745874587459,0.0012861580275674626,63.06850854203066,25.918695157848106,0.4077477218794107
16.0,6,3,2,96.0,41044,0.9960201902543195,0.00014560279557367502,63.06850854203066,25.918695157848106,0.4077477218794107
15.0,33,16,11,495.0,41077,0.9968210056299748,0.0008008153756552125,63.06850854203066,25.918695157848106,0.4077477218794107
10.0,69,37,3,690.0,41146,0.998495437779072,0.0016744321490972628,63.06850854203066,25.918695157848106,0.4077477218794107
5.0,62,12,2,310.0,41208,1.0,0.0015045622209279752,63.06850854203066,25.918695157848106,0.4077477218794107
